Area,Thickness,Porosity,Sw,IGIP
286.17579859321086,8.867758771813897,0.19649164310902534,0.12491572377918274,4.831032160961879
226.71832427831507,7.1646081928612935,0.0420980775568881,0.13937228985616731,0.6515621494916859
477.01553569467836,6.838125918175152,0.11605224218601298,0.16205325536674348,3.5118726676938836
230.3980906644378,9.926461201776377,0.1261191871081201,0.1235657412735089,2.798807462885924
439.05153774946797,8.018650968145975,0.11934565920594287,0.14654349799113203,3.970123545642702
248.61843103961482,9.425698026060044,0.06114231256803087,0.18368092710900938,1.294934608482466
236.3548895722655,6.096783053708061,0.17162450569797863,0.09906504600893459,2.4668188523060577
424.84994770587707,7.82083432297191,0.1154842483585882,0.17944513192918846,3.485926479827205
355.87773120535235,8.045262584202064,0.23451278456578156,0.18893889003677017,6.029208844968769
497.03401028556806,5.2090757199621756,0.25334025402798804,0.12963678937442213,6.3204892157000625
358.28941248749385,5.72186309962531,0.03441261691982867,0.18355187861397743,0.6377007409822554
444.66261094842207,9.353063753387204,0.11265193603863682,0.1081538134213204,4.626071255371116
314.42415280276964,7.0965518141176,0.18411541676705667,0.12181937375117477,3.994261318875898
487.12873291929895,9.341723841271698,0.23703285068503632,0.14427616701793167,10.219087760081054
306.93229414321206,5.1092218036236225,0.10097548704098422,0.17097701790671554,1.4533795969457906
339.65546748098734,7.181513558159621,0.12719163086939914,0.13674526058429468,2.9651815685490046
349.25977724903197,9.11765305915333,0.06496285265032373,0.10970556331041449,2.0390579669281252
309.23233009152943,7.0432503545919385,0.1738054954717481,0.0964970049077007,3.786607661937936
426.52054416099185,9.083576710478855,0.0453078052103305,0.14059170214021374,1.6702004641779649
435.34081012319996,6.978914571028809,0.15269554398234408,0.1685213096317091,4.270649603431343
212.8314012571219,6.328408600086065,0.06095000394406501,0.17566027560860706,0.7492200191205045
282.84491361837274,8.095976684758583,0.1359807039666961,0.09716757484534269,3.1124418450135067
258.93793100314394,8.71752464960372,0.07596009112478419,0.0853548342502976,1.73630560788319
318.4703761645382,6.012788420003582,0.09265931306109396,0.11913518967692235,1.7303839959782508
474.06425865739465,7.132168874585873,0.17624736594501542,0.14062919568501972,5.669715298759952
281.42040147547925,8.677557077303575,0.15160877884656873,0.07861961760933624,3.7767266958085792
206.07511841902107,7.259773573596307,0.06364250880203369,0.10811263232226566,0.9401672694099686
280.6445115972326,7.9116595705935735,0.09873713445414031,0.07148642770654455,2.2536792726811625
457.8926511428047,6.6956730036317325,0.1897739103484511,0.15402020967182706,5.44946156724228
404.7738099679774,5.882562052634859,0.14469098507870637,0.16324257115632665,3.1916786744341037
476.04265670655684,6.112597408087991,0.048804839948436686,0.07772711697762727,1.4500840833173259
303.7414819698157,8.139906189946913,0.1702608440206963,0.07113052966056939,4.329045677011967
481.3816635782864,5.171247055182978,0.05330833947109373,0.1538387966971714,1.2431750447932888
309.1074017430413,6.10365474408631,0.09859200819519999,0.0860171970352015,1.8822542708797287
301.7842622828212,7.955752974629469,0.17080372688979875,0.14084053787933976,3.9007506358773085
320.04138597321503,6.756425068035801,0.15215530366980115,0.11200639050239643,3.234589947926501
228.90771800734422,9.445312112881178,0.07247012385430278,0.07875565520272801,1.5981214391734944
282.1328113420044,8.356075644919919,0.10052910737746937,0.14183776850114493,2.2517303036563345
381.7300316991046,6.2932988646460055,0.12949918868603136,0.15753123495758925,2.9017148390009466
330.2610993337885,7.373533291592315,0.0536240725540491,0.11282641749988669,1.282627812343761
249.6006679041306,5.804994311874364,0.10436252097600626,0.11669748697968443,1.4787704344691028
454.0298108213823,8.702180762822188,0.1435876065928534,0.17584555610762534,5.176511942096435
307.4968953292189,6.3742012356244775,0.11283537714406638,0.17287065017916256,2.0252769119653067
234.78611066313593,7.688178841126545,0.0637388356590239,0.05991832966901623,1.1974703794438408
294.198428327918,8.904680124767673,0.1294468097521445,0.15238279272952762,3.182357587466521
432.82269485284564,9.111356469150387,0.13230993955393727,0.11336973784871181,5.121854939318945
218.49766721964428,9.644077501106327,0.1135274833721,0.06771622742058653,2.4691974623909583
269.2606259468088,6.620821791170014,0.1545242153064825,0.16590624635290335,2.5438725858233133
332.549173267275,6.593312386087866,0.1889933630211948,0.17053399232740132,3.805431083352731
468.9928590823427,7.736312579408295,0.1303206909878496,0.09587648013595756,4.73304430728515
202.9016104568421,5.549277260651398,0.09859267900164292,0.0905330377328123,1.1177706532405156
304.10030059235544,5.657370855030075,0.09189519191140749,0.1449099515289219,1.4967019669199197
355.30487576243866,8.921645689663922,0.10428921197796104,0.1218730724431071,3.213971415225155
282.55498014339537,9.716900071385522,0.1758056590976938,0.06336607433915005,5.005328985842182
325.27660466611644,5.446293372832221,0.07246506195181793,0.19410312444977715,1.1454105776066157
336.14367485702553,6.382268765907443,0.08377079297985904,0.12726575982728353,1.7364963075406903
441.30112312233234,7.456691649237015,0.05962258379595549,0.09176949856353314,1.9728191849924122
384.85405108721864,8.247257905944597,0.2513481707627676,0.09357378030758587,8.005952643511813
228.98550930517558,9.7874238052565,0.06413924889147282,0.11558169176393862,1.4075284382212432
324.69806195743337,9.894524694425778,0.10362579299374439,0.07743389747269025,3.4004718469424007
265.46150738353214,7.500727513535361,0.07416876231689873,0.1283365433403674,1.425194067137553
407.0748297244745,8.286724833643767,0.1746794888928317,0.15018243475065043,5.5440096032166855
271.33362428638407,8.655719238366931,0.21060976342630208,0.14318147958176136,4.692165397337804
262.4376853621331,8.410115456985192,0.1491123002699238,0.1522264427843129,3.0890197354732636
205.91041280625976,5.317395105635707,0.07556696630380341,0.15395684219517336,0.7749986317154594
448.3463158072535,5.904879256692861,0.2753830184320357,0.13217708189469723,7.004741096614447
428.6267442592696,7.023310168301344,0.07451855379035621,0.1784749414801527,2.04035406071886
309.40950515829707,6.7503590399146995,0.21815889914920947,0.08171248494130419,4.6324562582055195
298.53197886862336,9.585507721566696,0.12300565331207847,0.15521461548180415,3.2921274099992015
287.27709900734135,9.104521522779372,0.15256287429066934,0.08103835447701645,4.059790017558169
312.2796976863672,6.479523993767117,0.22054052578606337,0.12835804761081587,4.306382213529514
371.32627877437926,6.046202648264725,0.05848081153217394,0.12966720292539013,1.265133380264652
378.57118322752524,9.992922142653612,0.12331905827702522,0.13063057598376998,4.490283975393228
337.1034187769522,6.923438802287695,0.04348459622833252,0.13341141401998302,0.9737166832503893
394.1331020088229,9.972323481776222,0.18693880333467605,0.0824372514440169,7.464035409172338
363.13613123718704,5.404246591271447,0.060260806913286655,0.11823435027732421,1.1544946606957478
441.91754987053616,7.1316846078505085,0.10472149754077087,0.10049059020468509,3.2868063900305056
264.3680727472155,5.270621263660351,0.11224248886347649,0.13832920623192524,1.4919994594545967
474.4012778567993,6.779160203101694,0.1832966624863835,0.17757101707696166,5.367522842362081
350.48476405040105,8.077467368420965,0.11477925790020235,0.11114969546991546,3.197684293195853
206.77593760817717,5.157817295643782,0.12278637267163073,0.11076644751934744,1.289232228929983
228.6799309659733,8.293563934017612,0.07177731660293485,0.09714224899012625,1.3607394890662472
230.2313332412214,6.218530408271775,0.15797717138568879,0.16280920674369695,2.096380724523983
451.82416154596024,8.884762597455369,0.1322254739249297,0.11282344219827317,5.213623424404302
387.144684459476,5.644278644895763,0.17573068649696255,0.14825632772507802,3.6210744813780313
205.87968653037981,7.708092808402575,0.24097232091980164,0.18683802975510364,3.4427369713303073
451.48231066994845,8.188047627559687,0.24439316391263638,0.13077770896775998,8.69441164059505
405.33078025450584,7.224967230435734,0.10500770738588566,0.1560191797077924,2.8734153688077635
438.38499576392826,5.769735317224374,0.15397917016060983,0.1778248751628188,3.5451700346211754
342.2714147601405,9.126080425718598,0.01604415810403332,0.12351330890810525,0.48631355041798596
302.7547170840295,7.880615361460348,0.10500857192150104,0.09791840812075267,2.502193042249689
463.4550041804092,7.458169917638871,0.1694651684915761,0.18814231805362286,5.2650123172143255
233.15180862892498,9.75783192052231,0.13531189890964587,0.07031404354025649,3.1685719355818396
384.2548318299146,8.293252282608155,0.07873596556473435,0.10373618141790154,2.489730998684627
225.44823339390305,7.531051033015322,0.17037236246430085,0.12587605168398922,2.7994568729873497
427.15811212103915,8.480652620540264,0.24623269226820796,0.15822188775176035,8.31305139268438
330.6335493443901,8.59221611842602,0.1290809280240255,0.08277213933268845,3.723836620059819
211.90791713656907,6.202315386417009,0.2411650396468602,0.11756346259398565,3.0966922812774804
433.20964797912995,6.502253972853568,0.07869413109113131,0.14002618078526924,2.1105167983301265
325.49462557849125,5.388072272473306,0.2523325320303228,0.10612012427609736,4.379543356384051
420.85344685996586,5.546157281904555,0.11157731886302427,0.17967311348406279,2.36529398406021
413.99063855564646,5.025303806041731,0.11357170525675239,0.11906454610088665,2.304444581394123
287.3994663225434,6.419563417525547,0.08674094659123306,0.1714794452681901,1.4679730593199218
403.95124903347636,5.729682072034168,0.056040901827564125,0.13980365165292208,1.235268537195016
289.22530078523596,5.520563282648124,0.06625022823842401,0.11613458641137087,1.0351240109278639
443.75404633568644,5.788054629379996,0.22167845645897621,0.07639689252780343,5.822144926717902
280.9324052998527,9.114297277522068,0.21869281132936125,0.15629636182392131,5.230565520304471
476.9624422872792,9.757345909630846,0.23157217638022412,0.12703564931078998,10.415927780698928
488.7930375127962,8.39130680835228,0.09065267493093682,0.12799830592646697,3.5896470886224243
219.4252162111216,8.069664452525105,0.21529598170589503,0.13642646694646676,3.6448230526982934
489.0473722024472,6.0055419801242556,0.1524614695062083,0.1464867830651974,4.2312889017316655
336.14920538658447,5.60364816162631,0.06071561006461907,0.19079567266565325,1.02461497258265
343.5107916958393,6.662713043021631,0.20110070213179707,0.13851485613185566,4.389874087474498
208.99106261698665,8.648941560354917,0.08817442316388924,0.11470713792894253,1.5621382142724762
379.4105809307632,9.53992560798181,0.11268267249345651,0.10076422667153961,4.06054502554244
498.5611560371977,9.235047787199575,0.18238187246863435,0.17191958343919803,7.698585899840091
262.7780930033278,7.7776552566479396,0.15839191997008287,0.13485950906559857,3.1006782126662586
326.9537327526661,9.426101080008463,0.15068529429848954,0.1553419777295759,4.342795352083508
407.2186039863806,5.165287322333996,0.0732743325890226,0.12146379853904753,1.4991076435955302
412.3658714258974,7.381786160159875,0.11108954989648065,0.07688874306067858,3.4559752127538212
355.2245371078457,6.48287816014679,0.05852162632612432,0.14017825289439217,1.282905947647657
372.5396235925258,5.8643614781009,0.23947883477444284,0.15144078985567777,4.915205518536629
393.3517735636407,8.412861438589788,0.07769631018242758,0.1518439615684581,2.4143497950219053
283.0030911925863,5.0129260373073,0.19455368669630937,0.11502818489169682,2.7042732384412242
352.8334491915534,9.624423813987773,0.13364409069086816,0.15873977199012934,4.2269177491884
439.279499185709,9.87579231020691,0.14555661785422447,0.15762684111804565,5.889094855697863
344.9274059217878,6.491756745546689,0.11626466973138194,0.15426244809696749,2.4376564957675395
403.9901115112331,6.657163564022697,0.09606892562234105,0.1332321412633628,2.4793902262437535
352.3758766752917,5.016391276547938,0.13601308329342188,0.13658155226617752,2.2982579579726408
383.97878628784474,5.115627047641949,0.10028802254689323,0.15533291252555775,1.8422133988322948
313.5532386935792,9.035120000347028,0.10063791456052995,0.13357591525290663,2.7348691409112216
355.8020081942519,9.775490322989572,0.048989715660273235,0.12830999534003207,1.6444214002364967
419.6905020355292,6.153385618078557,0.10244961020453869,0.16160259885275718,2.455854860827763
456.8188790520821,5.706791220623462,0.1524292215446428,0.10150320503057267,3.952937813309537
443.26839512795516,5.384781551824338,0.1411779172574643,0.14344983080580406,3.1956089059606634
494.2562306231295,7.504585569354279,0.1239172574760424,0.1918676875342076,4.112371320525202
384.96556403643916,5.90077026164691,0.19071212149082173,0.17807547594297493,3.9422123588359397
221.97837734451716,8.68417073834783,0.16502878705345053,0.13853018761721309,3.034156565082368
460.59814351657184,8.591778126249206,0.07424883282717544,0.15427572027784509,2.7512043932538925
438.635434970555,7.916151808074531,0.13711031421203845,0.13190688876861495,4.575656911729861
419.3434567465807,5.691844623657377,0.13450469549241054,0.10057089015693904,3.196881084212051
415.79138575068816,8.441778081378732,0.15772701299919387,0.06277687038505446,5.7445721104422764
273.84834327161605,9.21512407385093,0.0916726040499574,0.1372795111968611,2.2096331418493373
416.54008938035633,6.361048546364241,0.09749226428717923,0.18019617698488527,2.3445786302214144
276.8040323657055,5.965452569095248,0.10170947929734925,0.10707296401003105,1.6603223079217053
293.0491321694981,6.114463584388102,0.11177552094454105,0.1483274857852454,1.8885014675444882
315.94815357514915,9.664444237457975,0.04786535921903981,0.1430940119593167,1.3865846766695025
452.22488502887444,9.01528570800281,0.11993888718553267,0.10287378520581766,4.8567606825577485
349.2108786898747,7.691215352963651,0.11553300819579737,0.0827413400665887,3.1512280113484117
241.34651924183368,9.974291156275736,0.07815560187104538,0.12829479044262193,1.8157331577404137
326.3508821961095,9.354345175959972,0.23447386037487328,0.10201440784984994,7.1164134970996145
285.7712651413033,7.710496805525323,0.06535634467924192,0.16538805103330403,1.3306764216921116
426.29968033733024,6.848504074815546,0.11219079740713442,0.1668419613800731,3.0213047897952725
477.1570548338211,5.116771413096862,0.2338384636729322,0.1484918171373284,5.382218563985601
287.5882934920792,7.966171288263742,0.023164538846134328,0.09304195888942145,0.5328818010768488
445.44205248892916,9.665566048447849,0.12532305236326072,0.16347222584911164,4.9972264087569425
474.99953839570065,5.167791070933612,0.08296402255029535,0.15274621514423226,1.9102958984549618
304.3306128676632,6.734819856208783,0.260883167551739,0.18733225625290456,4.8109394977331155
337.6577630567891,8.684318503739334,0.041087400191892734,0.08316812198538598,1.222953767851328
389.6282270342906,6.423675301011346,0.1774636404606596,0.11241115270057317,4.364700070582055
464.7582876126348,5.025357649969989,0.1149531013471341,0.16179313408247814,2.4915248034415303
469.38828099179585,8.81035216524149,0.18063262090739426,0.18170518290786858,6.767537713872925
287.09240946015865,6.878440337361133,0.16901973339492876,0.17880527779545918,3.034550970499182
311.77168960998296,9.307512684141173,0.106131811901062,0.16885832839764545,2.833936660357339
468.9419262061898,6.390070493759349,0.13291255358906331,0.08504023725830437,4.034520250382811
464.2863460721686,7.558559069296963,0.2666125208838426,0.14597448318989825,8.846581878223216
381.6104391967773,9.720926127966962,0.1858101572224804,0.08732248909784718,6.964883869057675
420.33622643353385,5.958735577940384,0.0918193488395245,0.1629126803554966,2.1313515862953065
371.82041097093884,8.320903003261297,0.029586441205431684,0.15813381575170743,0.8531760795135735
232.45727321061386,9.60656747033494,0.15298227125822114,0.11998776945421205,3.328437289247685
463.4737919424664,8.582673037539916,0.2585569283661654,0.1062301325262753,10.177212149780045
483.22369181479473,8.853371457222682,0.22048661614109738,0.06215826987593451,9.79417547213133
371.38109615890994,8.051682791301232,0.12477593546566706,0.18789602211565887,3.3546569298578213
423.4025566032281,8.487241425393583,0.12281419155874207,0.1544245703789125,4.1316177152658256
310.32512817069437,5.574141154537711,0.16133092742170568,0.12805321778246012,2.6940255194392972
388.262753549564,5.414413485262762,0.15553601431045613,0.17726469779668955,2.9782931126434193
332.6898283779338,6.402522031108422,0.09705999920860667,0.07519146982140663,2.1168101285448753
224.35507890974247,8.909091805033578,0.20246057852531865,0.07378490263400392,4.149739730848066
385.7174008062349,6.805868050720914,0.23523525673766665,0.09470408968554508,6.18934823920831
479.82862561002065,7.724283282646773,0.23505802460942582,0.12304880098870861,8.458513458486365
306.2490421669721,7.283666157492597,0.08863971733966067,0.10016815338161153,1.9697616737755157
414.58370523906035,8.60111568378901,0.14940118602233435,0.08765221050496383,5.38121912208584
419.02974310712375,6.459889924350096,0.060018019582405095,0.13107531565946023,1.5629063441564452
292.25269707258036,6.728372549608765,0.16964028778603157,0.17625364006562222,3.0422174780061852
282.07262825821925,7.992306586521535,0.0405586758560025,0.17103958446404322,0.8391697704754153
222.23555203235006,8.471535094962102,0.0905895378709459,0.11536807109052923,1.67038082134395
249.04049092460048,6.294865613610301,0.17443871255580415,0.09481086245134879,2.7405505878418115
250.37051951209224,6.028659786946459,0.0581266914670416,0.12113632588382434,0.8536901584226456
297.56272878267214,6.953203331715799,0.1627372374299048,0.1168552177904015,3.2921642834771596
248.23314249457584,7.391576631915765,0.2339228270711346,0.1160251777967108,4.200573017887465
388.4411807608187,9.1091316047934,0.1418222136457746,0.15688506546590647,4.684168122855388
215.63113837289913,7.951399765940309,0.11509597554276566,0.14882277924767856,1.8596635768044454
244.99141995831982,8.098248994929289,0.14057069205996972,0.1473693087898743,2.6326730941881604
487.34436997255307,5.479734703772705,0.260135560724591,0.16108083834675177,6.452299455381569
400.09663061609945,5.386687558561247,0.10202143740683917,0.1461201911630643,2.0786149780935874
235.69422027767908,7.156120455193969,0.06651912119793893,0.11516512933491489,1.0990931407605258
278.2140626405345,7.414060996164272,0.09918172518376885,0.14009836611547738,1.947667669151595
296.7716728004959,6.2292580411196266,0.05489560698584856,0.11323571126666464,0.9963312282799681
465.111569390761,5.720145689004229,0.05786323346327391,0.15335510230596938,1.4430036078371615
491.72272120291575,5.0548597763270715,0.07714216698752585,0.11308502355064345,1.8827922490994875
311.82653556268394,9.911475512370671,0.13251732694302987,0.08048771057723375,4.169469266507296
312.5104776791595,8.794792637359295,0.16356288145288903,0.117198398766879,4.393769217498221
388.76696424307465,6.95834454582306,0.09993716265590899,0.16961967429871833,2.4854128448892476
254.1958353295189,7.133852991568795,0.05419953828549587,0.1580163314983771,0.9162015688670843
369.85241138481746,5.3200170951787875,0.14879324717694076,0.13291886928793112,2.81050025698662
226.36977082343168,5.38260052734281,0.14303887677962474,0.1317788473837283,1.6753063102068395
206.0596749466584,8.082432149912467,0.1966753068378714,0.12982487352340927,3.155664101061823
297.5733481881493,5.105057567787546,0.14647486840773938,0.18621548898675688,2.004778524232785
228.90445572048117,5.198831521297883,0.13041361108101157,0.16177160802965418,1.440271832609188
212.55967781479896,9.460167244539452,0.09067701926017635,0.12539005056581737,1.765592748345835
246.01628259785346,8.658856271628792,0.02895180907591098,0.17732000585815655,0.5617333583863354
448.5633906766951,5.759350386416154,0.2649126789944802,0.153058699444378,6.417303404136605
346.63075956607076,5.627972183516151,0.12785826739478368,0.14845534330794094,2.3515513905974106
371.424819688772,6.041929439837666,0.21385365884126023,0.06398189260384773,4.973323338310675
207.53669892850547,8.744993296061514,0.07722863808617131,0.14326723327211777,1.3294662873049632
474.1827809857479,9.699737451462312,0.07546105622026687,0.11489249893067408,3.4011348346451924
273.95688716657975,6.821601841802024,0.035893898460037016,0.07237630210536633,0.6889064405752805
301.2829665080542,7.638066231898865,0.05525763109851977,0.16042253319548314,1.1819802657464273
247.14074933110098,6.071420381961696,0.13362996116487885,0.10054645667534676,1.996716618396762
477.9785962976185,5.2989199318362825,0.243444278286532,0.1913106382783061,5.520473105651472
248.67636401964552,8.782509509828541,0.09483096928918473,0.11775815079889593,2.0229733977132183
290.96258294685094,6.154266738364901,0.0821719293084059,0.1387736741934249,1.4029862978256347
251.487834302206,5.483944337018904,0.042981426315766916,0.15652964615681195,0.5535538234184574
444.1519204489069,6.881482167276107,0.19451158206336588,0.12594333765481983,5.7530450749755815
404.2375145424585,8.57098347751334,0.23423620239726517,0.1191060453828665,7.914875916766732
419.79776714364414,7.662866256708988,0.12772634728316445,0.1273259675407175,3.9697495259780107
239.71700849724374,9.482557346167653,0.2724520843243886,0.1398949215950841,5.897462170422451
372.74758173051407,5.1573976380264135,0.16013128790580697,0.09597949729781596,3.081052639980932
448.20976851903174,8.577787664982525,0.16677597086953075,0.1774522160416893,5.839160505395042
340.34166759856095,6.639268338870057,0.19028767446915276,0.08976584488263495,4.333096095909934
288.8295128118614,9.82477962490832,0.10679600799874528,0.1266923138386682,2.930123172787607
333.5324427640273,6.775587956627142,0.22916089088028024,0.14920624230310797,4.878081571494473
357.09732625448254,9.435602158925242,0.12172652165756762,0.12910381495305984,3.954640501135762
374.20153278009,9.0662618159986,0.09519236902971745,0.13702517976975281,3.085554827219827
319.35906237288896,9.135311680790615,0.12663885441977077,0.14312015850769694,3.5050054936392727
262.99766188265323,8.952171556788466,0.2384209688590445,0.10475530716925052,5.5637252756858
257.4319553678763,5.424093435058225,0.1547226703136191,0.12063428442344727,2.1033535999020176
429.8152990837375,9.164100611238913,0.0898251301082514,0.16548334353253,3.2689160901770715
307.89213679508595,9.227733648941353,0.11321209257304002,0.1525011123570042,3.0180386193702606
454.90405006930183,5.101079033825156,0.10777279094165243,0.10392028457911931,2.4810574562507397
293.3203686975828,8.290155740371123,0.14964741172872045,0.17720816262741343,3.314845457962912
270.9528172972379,9.92767943333698,0.11490888756240489,0.1510778020255405,2.905106890020339
212.13854773092663,7.031743645157361,0.08795943664856064,0.13980223892599913,1.2495756617439409
200.8535975176836,8.28105149644323,0.16646637228781144,0.15418732784790973,2.592775970215709
484.1403249461486,5.031753584111868,0.25320333776090664,0.1116344604498867,6.0666779609737285
461.30284970662416,9.082961173964073,0.08621862813695137,0.08220469154693796,3.6707915802027853
483.27127039621325,5.3819717123229225,0.040794942724328084,0.13727847958876255,1.0134644935620951
427.36494103891783,8.60252203917839,0.11196745592533469,0.082568128030882,4.1810899404837505
237.49430504519074,5.203578972657948,0.2827926724224589,0.18740868785908746,3.144089258196117
479.24353188046064,6.304931622139575,0.19937517180976932,0.15090350662053692,5.663226780303036
373.58134219063027,9.736033434878351,0.0558484347850886,0.09801259421442216,2.028513509593474
207.50833086034694,9.567175938828028,0.24844752147063126,0.07533318947967821,5.049384305223024
255.1366890797497,5.812662107864169,0.15539089985269225,0.08432840518684126,2.336213380877057
227.38809978319364,7.521915812864847,0.1441455497780399,0.15862184417512162,2.296613229284486
480.40953418491284,9.146852787556615,0.22721227401784028,0.17803996863844573,9.085837925987429
497.89347572257503,8.320284907871546,0.15954301825600456,0.09814222162426844,6.599175564305492
206.69756199866762,7.994174928490727,0.04303251497445007,0.17515692256363377,0.6493461259241926
242.4466715395542,7.164434259793744,0.1714336920837328,0.18140731526218218,2.698741925193771
444.5062741974367,8.731081060069858,0.16620524759136254,0.16498095605684937,5.963293949905479
451.538775809457,8.156984573149474,0.1697221223862851,0.14169099466258828,5.940267539256663
351.72069871994916,9.01121141122307,0.18396001448912253,0.16644741364891172,5.3806746726943215
481.3718938175126,5.5340250636147745,0.17799621277671335,0.09223341729689485,4.7654727887700234
312.9584992079019,5.317902311089411,0.23341907273556645,0.1403071470887767,3.697481002504101
344.5910035003409,9.182816991578786,0.20200175508552842,0.1522273630696946,5.999479749031908
297.50805575953393,8.526028001982276,0.0702230518961622,0.1115640020922337,1.7520662404696432
486.46002528067766,5.919100298049009,0.08499363561280929,0.14686445408087756,2.3115670271799194
402.22078418187607,5.689015623614238,0.0570922288822951,0.12201656958076121,1.269884267729064
239.34671759888408,5.390083719257685,0.19198725102012648,0.15589031216249322,2.314693283854597
396.29395515071633,7.336652475774084,0.11166683072624378,0.17951852583232636,2.9492226153194188
260.0144753789441,9.799662835662742,0.1904335801968951,0.14228529055115113,4.607806579904847
223.03643420841135,9.783667133125645,0.2540705632922938,0.15121532456536543,5.209889976995524
498.9823582768693,7.641078353272796,0.19035685936629587,0.12851826799055716,7.002705348967643
259.8510453114986,9.982676186207133,0.1294003110904529,0.13235817472990513,3.224381656546375
359.81121063368744,6.1338375189478995,0.08242464886458134,0.09760009550913126,1.8174492580994452
239.3676982009566,6.2885450869746835,0.07909458080422493,0.11051507340598216,1.172465936461456
285.9017687028902,7.785319510232159,0.06281535243414646,0.09066612572775046,1.4076077302427692
292.7687665527752,6.879557078421987,0.07168850304294795,0.11269674886975965,1.4184237545936984
375.75171753982033,5.128732004131603,0.16736467811698091,0.10487118829359533,3.1963881590435457
457.17150498931557,8.20037500836687,0.01490737110317238,0.17590884887402428,0.5099039432886922
464.29233122451024,5.276554595302463,0.0860311835714488,0.1428400112570146,2.000133227320026
389.1282771786107,9.556997874768575,0.13804231716198898,0.1555537817638526,4.799518902654805
415.2637227425678,5.599686124608779,0.16475516729788348,0.14831387777817168,3.6124802599481294
353.7547531929757,6.158506401952522,0.12210989655117585,0.12018324286331986,2.591313537036479
375.37777838521356,9.220171504624528,0.08598836649939877,0.12845550020766844,2.87167980742708
320.82099424461643,8.461354203764015,0.16041392958602418,0.13354738459851034,4.177233387974833
354.5204943062013,6.540470111855066,0.20875903869816698,0.1318051591432467,4.6527743497625975
425.182650074771,5.9357594574799855,0.11940097391406787,0.11873549689507638,2.9401207294115266
393.6307465832542,8.199650148272884,0.1503805728160444,0.08963411834235921,4.89205391334018
461.8520528647937,7.984025319809588,0.16922899448360926,0.12600978609411212,6.038169744510454
220.10634440507235,8.388473053926337,0.18860217872947302,0.14593763496698778,3.29269083514265
238.04121915985948,8.04832073438595,0.04937122042265383,0.15303194261495187,0.8869467066615662
203.45934112653077,9.73621608799833,0.18461987981994488,0.13668269620258708,3.4955533719553356
461.6274773660391,7.380550282870265,0.08942111265789576,0.14950729112329103,2.8687337907014374
320.7530225635566,7.511125509602499,0.16866467384518016,0.1379477339402853,3.8782222639575705
284.3051450878801,8.301012011793173,0.21075824036385887,0.12379989640680493,4.825061082463541
323.8382741047482,6.362315771708083,0.18700395372340428,0.10691610664508416,3.80965485890808
349.90237221600034,5.098165084420044,0.18957597662722214,0.09485482239889853,3.3889215467501144
205.99485425330982,5.481993215942973,0.263092201745616,0.08671507209506259,3.0040580557601735
430.6003997257232,9.626025196554796,0.09779577911865524,0.14357808933702032,3.843514231197558
486.67902801172636,8.45293599516856,0.15144859530995358,0.14373321127479782,5.906412191872643
257.5318883228893,8.31163150863595,0.07409694796055057,0.11619133357792229,1.5519404711143565
475.13266147059977,9.098794527206298,0.025975749910427275,0.12016863311335299,1.0938693876537604
384.99700897104356,9.430262362479816,0.20040324171567303,0.1597063184181331,6.7688698141213335
354.38220646022,8.671861974761857,0.16790337876101316,0.19095538074658583,4.62184486582334
471.6041180216176,5.254907901175672,0.1340690703551666,0.13574118333089769,3.179174044791273
409.71339078388144,8.740090502774429,0.19214691348606172,0.10603726341348746,6.810015603825208
485.6316260252802,7.024954907169667,0.1456420766853091,0.12478789565586351,4.814485364533856
406.7516305160566,8.37387441360623,0.2248959439093051,0.16439240492592946,7.086616603157244
295.85325154873925,8.900923414242051,0.06772564850098783,0.10182923658566473,1.7734652671891316
219.65804596235063,7.835478026903772,0.15319373889752144,0.1456007211532333,2.49409902077436
357.04108233611066,7.288633903406067,0.0630384974061968,0.14460915975078195,1.553581229045899
319.6929060083595,5.310063641390933,0.06195303249534146,0.13340186644997948,1.0090489481833966
294.9013740411551,8.46198570155483,0.09438669667328156,0.1200894132318378,2.2945504093025257
334.18377394421924,9.302504004866197,0.1687261840098744,0.07094140976528937,5.395230484600922
296.8068197242026,6.4682340444695345,0.14859126950313975,0.161294073640238,2.6488770237452335
365.398230838936,8.16744632226811,0.07289347231377645,0.1301414375669419,2.095024955159063
208.3952002274151,9.841357955167318,0.10834390014828171,0.10634738959529633,2.1984425648776638
320.9087357156134,5.926413164137315,0.11293243743182999,0.12954203269281095,2.0698513704872297
465.7388541411044,6.894040522882977,0.17450547151604118,0.19985072718733962,4.963586053151032
389.21492276223023,5.081167368601444,0.04310616249093428,0.1566865236309236,0.7959404487684019
364.80519619216494,8.557925132138646,0.10330263423968819,0.13143126085263682,3.101303571066037
235.78851658852898,8.594657863251495,0.18088533979765176,0.06171237140672988,3.8079373390628093
264.1220097780009,5.170629899238891,0.1229049473191911,0.1083759140678362,1.656907993787625
492.89628447507596,7.038252904801285,0.24779677244552129,0.1744402560581088,7.8571266863685505
458.01532826797614,6.879503783184194,0.025915608337758918,0.1218043289310783,0.7939424374288089
362.92772036323964,9.119033031840816,0.03503718245069735,0.06985020514199532,1.1941260948466779
251.6738008348495,7.7459205071725465,0.17838347881892308,0.0975932209262626,3.4742991658727473
216.2983211661088,7.762739038042811,0.2523303481339747,0.1351701649226184,4.056649406282981
282.35777108147454,6.5686285869173835,0.11973212298177635,0.14227349588053317,2.1087891295767567
386.85591802885835,9.576609774731864,0.10981379310266079,0.18894701383006146,3.6531402576163194
291.57208103196797,9.654743490136472,0.16014890918833996,0.11745706384337083,4.4049977860125376
285.2101344543107,7.326525885960855,0.1574613085198049,0.1749888011793562,3.0053560541455435
284.83781715380894,5.320633611577253,0.11612143824039386,0.1527410104937131,1.6507784249940078
440.4196302037688,6.798011287919216,0.06424990807409596,0.14314223136864968,1.8248576331568473
257.07098374766235,6.963817709822296,0.04378633208681582,0.10507088296920811,0.776652685895926
233.89780531679708,9.584875010123936,0.25256420623538545,0.12083516067760422,5.5112981147403195
483.5949755755076,7.573603704748778,0.14490198954149275,0.12231900167927218,5.1569698348373
238.09135460056163,5.9286833751494425,0.07612779767013023,0.10538021878592778,1.0643460088508983
437.69496526951514,8.89247850125179,0.04116452183863695,0.19369865681611723,1.430256806544382
313.6093232840991,7.49201283411441,0.1865184941377479,0.1716603875814895,4.018990678768253
294.45100440972993,6.284877482177851,0.08916371576268689,0.13558631627472018,1.5791334676174063
302.9827956990315,6.2647539717817295,0.03269834299762623,0.17959121099606318,0.5637378933004547
390.6074002285924,7.434745147760662,0.1084922216495936,0.06701311046869804,3.254467107986271
434.19184208000524,8.366732946517608,0.15978165403696917,0.14317324444336738,5.506259671277085
355.3183590641007,8.516297924855333,0.14990685298851716,0.0762746426875977,4.6390818638427245
200.83293954927646,6.995209842664597,0.2585778525209978,0.08251897748276933,3.6899739162679
331.47012277571093,6.140440465352723,0.23548792990496753,0.11764693127177836,4.682245237414468
386.70222794926224,8.010531552854593,0.057279444006030036,0.10823628828880176,1.7518051111076967
291.05526926753026,6.994651968622643,0.07591587093140453,0.1345829553744241,1.4808081283724732
296.5650653574956,6.243108362506607,0.051312322695728545,0.11920408100429473,0.9264394103879455
356.341723885119,6.211993452996218,0.13876702235342872,0.14221779616408697,2.9171593769052753
452.20568767111246,6.096372151518637,0.17800125526799132,0.11400536208643776,4.813498484723515
448.6966794901965,9.547255966197424,0.11783466721883332,0.12933464438871967,4.8658078588203
221.03493642114415,7.645386912594849,0.059744402803621185,0.13675050540901443,0.9649240674233559
450.78792839322034,7.369017993823537,0.22610967285213346,0.12060815454008404,7.31278256186053
244.813491192444,6.790066613875328,0.20355817515215224,0.13825372479207915,3.228319697370806
340.70012228626297,9.946733112857473,0.14515306684931711,0.19041879528515965,4.408984559359886
377.5568202536948,7.543527666629131,0.10324411830880609,0.1587962965709503,2.7385614671568814
278.27131163218667,5.42576078446042,0.08936469864486839,0.1073507777480536,1.3334449576415084
203.34971351735754,8.019283246016425,0.034912400554397253,0.14716720534105554,0.5375537700851004
349.17970412221587,7.787802857516448,0.07718682510191939,0.14718584975583499,1.9818040295008177
311.1349164453685,9.82405560681265,0.16810556435566265,0.18774970460723636,4.620731363159153
493.6769281480726,8.928551221092048,0.08723596039115665,0.08951755813349627,3.8760568407455476
299.4719010025401,9.355274856561493,0.048040291074007924,0.1541254778290779,1.260443535479998
421.1360353947533,6.211046885331619,0.14833896908549726,0.15611673017854458,3.6251337565474073
490.5806674132188,8.661211274698022,0.24887097315496426,0.12526719579999895,10.240894968323339
315.73436117202294,5.631303564077199,0.13943880153050614,0.0693163055678295,2.5545577450737196
496.44845150847135,9.478668107359631,0.0555728297366543,0.1360188079554474,2.5014248908389645
431.5925656583461,5.679685748167655,0.12874267212589977,0.16431330915057382,2.9198696032349294
216.2043965867628,6.920605995043525,0.06326308009491009,0.13653033167810677,0.9049097235361733
228.0387212182174,8.901275369161041,0.06622524234090658,0.12332336985480084,1.3047370926940236
394.05588729598594,6.317159667122887,0.08956280346791481,0.09124519353057997,2.243123908661288
380.1701397848624,9.796173313911853,0.1455101889032693,0.11771459338290985,5.293417549877091
469.58821065335604,5.007205689752218,0.135962125163054,0.17195001842709878,2.930800811922792
401.73292213907104,7.506925458846847,0.18962529308564086,0.13066573526888053,5.504042515440984
376.72258523363996,8.752642167113216,0.10174648995563743,0.17998831492982642,3.045786787082781
246.48256931917825,8.794960030173613,0.13628229947891699,0.12675452003341742,2.8562424640754536
201.94680495720897,5.387039564022762,0.23579318951793987,0.12025177250124246,2.498480701146524
385.6822701476236,5.679538600891307,0.047673164722904664,0.0731794468431139,1.07154782572789
343.4136958477902,9.96222576086346,0.21229973281749712,0.12889219085593992,7.004780573320374
473.0568668090051,7.0693970872971255,0.2681097843653966,0.1524396541828563,8.41352927992036
319.52690751165255,9.163456152465303,0.1256763323583586,0.06414013685157934,3.812679085676361
208.2446153446671,5.889412848614771,0.14222586052920883,0.11655837022067535,1.7060878905086745
280.26183341034584,9.692619278859114,0.05094347073916803,0.10929413054249154,1.3646684366132456
256.88665274968923,9.647164695120903,0.20097605965315302,0.08640564344977855,5.0377679373157145
450.15028213484277,6.793185981506172,0.11477705274665756,0.1358966960546222,3.3577700864016062
299.50220372308854,6.353311254668338,0.06898448458441643,0.1441101012151249,1.2438518867370039
333.31922336720106,7.518063585426138,0.02263480157386158,0.07536120055246318,0.5806498933600682
435.4822273537348,7.186217736764702,0.14904720429902055,0.10712485934862273,4.610887894092686
487.9596833186783,8.895404893480091,0.07554772364014312,0.19418924004546223,2.92552151683453
329.9242339917272,9.239918223475067,0.17739599524114258,0.13384549164373594,5.185859139767095
337.21810691388,8.726458185962361,0.08883108506341787,0.09022233036293803,2.632984654418192
275.8640058923904,6.335026105642576,0.214774399324189,0.17433794470025887,3.4310533946196533
271.575916365891,9.670695407189402,0.16175455119114499,0.10744271111810201,4.19798379963697
477.6940169516693,8.736125844442691,0.1292699879655988,0.12122925733278707,5.248572141530532
314.7888729952183,5.311877959614174,0.209207498954963,0.15670229289832002,3.266064959972058
301.72545381429575,5.030784375912721,0.0970222978119886,0.16284419149649357,1.364974988194983
288.3579602394228,8.210658068951767,0.13579933621180126,0.06499201869866768,3.3282969448321387
230.0090279716927,7.252904503966871,0.24731810467552737,0.1300212814851361,3.9739332732293846
380.2839516731533,8.793190567114113,0.12819559600315406,0.12009782325333394,4.176006551897971
377.6660629334913,8.126530891371356,0.26510193211179023,0.09534358137439483,8.149086041561935
440.2703535171743,5.943280901472589,0.16358455456318885,0.08286116408358132,4.346325712106093
454.5256636144617,5.702067141429378,0.09613004857026594,0.162358790737529,2.310506119756883
365.8950811690721,6.167934342141127,0.09422460103905674,0.1220408779218715,2.066969679356101
350.96257678131116,6.364429447981938,0.23704779181608365,0.14793874784729102,4.994893199671049
407.4832995687702,9.001243165751955,0.14425698559155556,0.17361047135499882,4.840978532233882
227.98098778986835,8.83931040775402,0.16781739217227518,0.1880847678015476,3.0399319605615056
255.29140647792502,9.208681338846972,0.08829717950231147,0.11506954939348166,2.033708956215584
357.17777001270076,9.316360175845386,0.04783603836338907,0.14313678756405576,1.5100682798447864
453.4409476211632,7.261168984855701,0.2414793653776911,0.15842410051865996,7.407979738907127
434.7108642270589,6.2109605471835385,0.15422397058458595,0.08048972806102941,4.239034195128589
359.5098088009149,5.230285818079799,0.1491397953783084,0.07105047662074773,2.8841710646778416
291.2349092770746,9.114072228011912,0.28294330671441176,0.17069080977885007,6.895582994462888
454.24986758282733,5.746723246332056,0.17448649336195818,0.10383735811339914,4.519214262958993
289.1944261018081,9.555123370536691,0.129798880757135,0.1430548224932663,3.4029016207475307
431.00110867277397,5.291962627309773,0.12251983339024483,0.1224059580780947,2.7151536384207007
259.4903644962451,5.563812092980978,0.11197199563278182,0.09774930320215072,1.614840098059223
460.3090804884557,9.20629023544527,0.14514135659093508,0.13444057291505646,5.894153789929457
313.24298221357947,7.282153682487992,0.09865321055967916,0.17587739745916528,2.053257551704271
387.3723378239008,9.36659355616099,0.14042282452570332,0.15178667793988454,4.784673016175539
499.23356805211665,6.1266367003741555,0.165690838872425,0.13289165277375892,4.8651581363573015
211.20891328794235,8.964184406028032,0.08773557314457096,0.1253562165850553,1.6085299262570512
268.05895232749606,5.788498173735609,0.18450620437781648,0.08057382164183823,2.9142261186474734
268.1368965404455,9.191137549548547,0.10247929064670258,0.10632093489374253,2.498864625341499
230.737272105986,8.026860895428445,0.13519882091594151,0.10940565474432162,2.4689683232786424
402.572240903909,9.127264879344825,0.19506841904919986,0.15708774455520946,6.688873794496109
366.48128553448726,7.439256864240632,0.17324881294184402,0.09131094215965241,4.751887087769628
247.76545831807437,8.080014495984868,0.13918230663469447,0.16543829096430535,2.5745099483078673
264.5822867169429,6.020522125886844,0.03540050524447407,0.13616398855019793,0.5393055351819545
270.8019015666601,9.95553253147283,0.21040000240934675,0.10588130527998607,5.615084695180816
268.7944410352345,7.83008408599934,0.017610051952770392,0.11201746449870512,0.3643770036272172
478.17109587094535,5.19602834165879,0.13013031256128468,0.10903463099061136,3.189284913950089
486.4051516055113,7.109265115168123,0.05642350136170878,0.1721140727207148,1.7883503298105528
230.03996836202714,6.810142977549674,0.16471644931195722,0.13588492458826934,2.468694064854982
470.68618660202003,8.443588429938488,0.10920677356353964,0.07462630374391943,4.446562756215326
279.78717794143563,5.668015111010176,0.06203155561300928,0.11931512706571439,0.959160325467194
409.5327377511228,5.767098645441019,0.24520471388366485,0.14038431114999173,5.511608265916266
240.20553006072402,6.872563381060949,0.11773079773223866,0.1369958205482354,1.8569659098563949
462.755475480448,5.629964008790522,0.10480055084308715,0.12404889126385765,2.6478891904079873
284.3398097635186,6.9112840774662025,0.19316344296695886,0.12207312761210225,3.689596579869637
391.65877513562816,6.523330423881348,0.12131098317242392,0.16523171179883714,2.8644582288327833
213.55842418045106,7.2052934597816165,0.23195285838314447,0.14577832577281563,3.375498245140998
228.7127563327477,5.8877523707902215,0.020934152428729196,0.08670941129328505,0.28503847002804406
260.28610716502646,7.7363521652194756,0.17192549619352593,0.17685588742280506,3.1550233069161635
441.7464803870199,7.343099638441147,0.11415762293597714,0.10103194719334542,3.6855379234136803
418.94738884251933,8.886765947383896,0.08133233033791308,0.11320889656359816,2.972945607700301
464.22317979063314,5.1434260977686215,0.2640310424901595,0.15461061859432526,5.900520114054442
394.117346832457,6.999299662579903,0.13710142189014599,0.1731406503781675,3.462206188649781
389.12270268642305,8.334968541640015,0.16032399424355728,0.057887583210206275,5.423641517485986
293.83267859291414,7.004479016483929,0.11987265578891476,0.10025970600927736,2.4576069153198663
470.89586413908677,6.171553374114245,0.22997892553125823,0.1735126745296731,6.115652409819261
259.10106570633184,9.163853461259912,0.21119800089741692,0.12125089815309377,4.878667522005221
331.9751693051635,6.290670062988591,0.07534697396589471,0.1622947393965825,1.4593476279822768
365.23215106736836,5.824845945588116,0.2547131107035951,0.14852223712024104,5.108310002742122
303.7952778517255,7.115439993452092,0.18110706956961548,0.14974007144978002,3.685268073827842
483.49260815960287,6.354083662845933,0.11412472325657935,0.13804918907342306,3.345832362484485
217.88714345100004,9.392998937721421,0.08680439084093909,0.13886084726335404,1.6937530783546506
458.3608084685358,5.66498907160156,0.027460336706238687,0.08936965397160734,0.7188755616685567
484.82183006028447,9.579234423242768,0.02910199790794999,0.1820096257064666,1.224004899665175
343.29871480543125,7.463144848130831,0.15477105176830716,0.060579438634472745,4.12423148721877
278.83844495079575,9.145563432979234,0.1193263431341236,0.17749369352491456,2.7710086173680004
409.57376254251903,6.926197541923203,0.17773820480067315,0.15506310753725183,4.716623974072661
418.4561142962689,7.985608225422301,0.1773696779318814,0.09639761926001411,5.929442360885324
393.8461332096218,5.881082131685819,0.1662554077668059,0.14126684852008242,3.6611458478464276
237.14309559634054,8.255737573435296,0.11358535033062464,0.14906896668336594,2.0949913717243454
340.8497100141838,9.929708917479804,0.08787344998618907,0.09629343079851028,2.975663056938409
488.12849414094245,5.531226688895143,0.07289263335570849,0.08818814753279158,1.9867521011096696
411.04797715668155,6.840276159432995,0.09118570828053806,0.1676935793635018,2.362519281478749
381.3672027156915,5.597296962185396,0.10405863259569759,0.17308511615114358,2.0335731717961085
200.53628775522526,9.348037210996509,0.12334634914331935,0.14962791553639807,2.176947162352982
488.5000845210437,9.900412899210634,0.2659260439543558,0.15348238789211777,12.053523294578326
364.2750284659837,8.126641200614362,0.13158737762233452,0.11495559443478087,3.8169719608386496
264.04868193838297,9.505623741591279,0.15991050427994297,0.1142257449812421,3.9360794841683076
302.34871723738127,8.77152673926538,0.08754454256549715,0.08346372978472053,2.355923834127889
487.8058251410731,9.033803477319665,0.12550888446914157,0.15975301518032475,5.145152398258015
376.2436533375643,5.289491523267448,0.15886246662219197,0.15501296725471253,2.957696748911668
257.9462130425271,9.889902774979843,0.17652561269360745,0.18449509892031216,4.065881073471387
278.8035380525499,7.627932478582027,0.21018191152132581,0.06296458191184218,4.637198160181469
326.0097996937146,8.071130463263332,0.05963526474084001,0.1812064133329706,1.4224656776083717
356.97837531769324,8.401009215351557,0.11148738386259663,0.1652851159779353,3.089843206778292
324.45108742718395,7.179152733961,0.07996539336971058,0.16920902206216074,1.7132291949365446
252.39755959083396,9.372822360689693,0.13935188856913522,0.14798912360054708,3.1096586961299586
462.5838365675342,9.400199045124097,0.10620394547196318,0.1411997727871081,4.390960144333002
498.04713364594795,8.67191709278359,0.09327313469759932,0.09232793438632972,4.0482776858104295
334.3105156968113,5.724150930844637,0.06990178326064381,0.10606544945664109,1.3238972563148128
285.6938171752743,8.378005749821371,0.08695103531984616,0.14647678870259595,1.9666667683442827
496.6276016473407,5.55403009384921,0.09452414798906415,0.14127979720903003,2.478749979954099
228.97537258927224,7.6507549695096895,0.1149091453163473,0.15169482465654185,1.8905970171938618
228.61249741489274,7.731943497096426,0.17834138600141725,0.1380097452441776,3.008446710175431
377.9602850021397,5.384693191502165,0.1497777112783749,0.15653514267327823,2.846561055893273
271.18048552086066,8.584499653597781,0.13869269372279244,0.11707785295822647,3.156084375978187
481.49629854747286,8.418713731369234,0.21988202500720283,0.1273361613892602,8.611416462850734
386.50603032152395,6.5709805266795,0.24941221895124882,0.14425975972075572,6.001299832862499
480.6621558127084,6.658187130069634,0.06222352608509539,0.16654586629321907,1.8375173139094798
387.5068995551318,9.718639667511395,0.2141050453668897,0.11183966931276504,7.928707254623888
403.57760492501507,5.681692523619509,0.24211165976068286,0.1469151506229902,5.24338696279284
372.4102202356296,7.619108918766027,0.06543873075990086,0.15136660195183835,1.7445360556078588
234.7017990959175,7.360269568410155,0.18815589039208586,0.1153049180227243,3.1836166042408265
440.9947511701409,7.563839485615169,0.10982077774667501,0.15102443800421123,3.443139499137501
487.89393948766786,6.242659354387548,0.07968766194381653,0.1553836817566417,2.269576381198942
331.7103709965007,9.924888521669434,0.12775387673846308,0.10032420099038267,4.189324518232741
280.37240060083025,8.146148918751791,0.12358809796634107,0.11795790065270689,2.75646674862867
397.2345644844295,9.034154125067726,0.12708706663314095,0.13234372979431408,4.38109611718799
455.58975606138085,8.519929308976472,0.07045196670190583,0.1092127351875454,2.6969708497936185
200.4806987826165,7.705735574207589,0.1161025274753952,0.1766893439022713,1.6349002865630855
321.54226813233106,6.543137723470148,0.08773194708076049,0.1217688167008934,1.7946920707864675
487.54527194968875,9.490866390076466,0.1526692933467588,0.15453715894732992,6.6125081261135525
381.49472784154943,7.44020574871279,0.13547100724872438,0.134603110387364,3.684125073708041
384.4300231333285,7.280528785635829,0.26024893051952797,0.13589191187922717,6.9684539545977
225.2087424103425,6.238767277662395,0.23636099530172255,0.12060244771488612,3.233287204659726
290.6109970968937,7.47813689504831,0.06909908927706657,0.14212318880663705,1.4262704940663455
235.98553736631797,5.247465758935642,0.17746352446281988,0.13732116972977665,2.0989033183067964
254.13699534819295,7.973050510840522,0.12709135334271265,0.09346850102503149,2.5845830968580525
241.8095928095064,5.0637633264830315,0.08463919269965893,0.16214455848911158,0.961361491060333
302.29857872929415,7.241766377809293,0.15992565838470368,0.17637473518514335,3.1924757936434163
492.7381561488535,8.272717944740254,0.19343187743444593,0.17175097764167926,7.230237785509229
388.26641829637987,5.685613138792805,0.18000174078113906,0.14727009539650365,3.7514099349163614
494.7644169370042,5.545440559047262,0.12010369895517578,0.12124206044196831,3.205969211819672
417.1680256661506,5.9332067277263185,0.04288910977159187,0.12313067208108626,1.0305797281900415
429.17323956044777,6.225261462254183,0.07119860123501386,0.14256539124128503,1.805767746074444
205.039505970929,8.435759709856336,0.0886256714875809,0.12136240003258066,1.491180652523015
278.97350327619483,9.135291022827943,0.135495439089558,0.14334588658328956,3.2750257174151787
433.6099997228207,5.12861647565158,0.10538023327910484,0.1004709635507376,2.333850563502889
414.6266576978576,8.215538390302926,0.12950710113085923,0.15117119465426607,4.145778850023029
319.03780852345625,6.488126343624578,0.05300151495244919,0.10095987016652205,1.0920134878483523
292.5741154598629,7.442190565935393,0.1038821169139281,0.07807079984198137,2.3087358078611318
329.3399318904921,6.109158035308956,0.11289119896591687,0.13263601297845365,2.181154416900796
260.18498394426894,8.575301904235799,0.1444615190729333,0.09795784311808184,3.218917525537325
323.07252538870875,8.729344777843892,0.052370305602815116,0.18543382567101968,1.33196355892513
276.2872499651609,6.153773990082656,0.06485679894979661,0.13712530428505576,1.0534279054837727
319.7896487211823,8.848664279923943,0.05471053097812038,0.1783891986462811,1.4082455253131818
227.75478653119225,7.872293374377245,0.15932691139471444,0.1913707034349614,2.557446647374014
223.21111961564503,8.76772016838781,0.08766990353268497,0.14279980462350375,1.6283002375843236
347.4003189539558,6.417233139470183,0.1608811678682321,0.08958548167783374,3.6151107402610827
436.74746688716317,6.954526337652194,0.118887264901465,0.15030100806478394,3.3970159015409807
438.6057642506295,9.386998419125643,0.15367532232556305,0.15926019137985756,5.889331679427502
354.19193574922315,8.179817598805066,0.13212508229490097,0.0922952518971766,3.8469040693991676
413.3085666164469,5.04040361592565,0.2284005629346055,0.15493903458653652,4.451681890498121
354.332878855316,6.686500313063219,0.05919621212607223,0.17814044294041229,1.2761479863665848
292.241203816103,6.520438252553787,0.22606106070459883,0.1429816226002461,4.087269933278682
256.2429298576202,7.495770396248491,0.17490310130933792,0.1300325832477454,3.235697056858265
400.89605584902677,8.885887252627848,0.08641143869741852,0.1729373323411842,2.8186517793796573
440.4860437764993,9.953242284056728,0.26616422948320806,0.16536474210464566,10.783067770613073
477.50021099862477,8.057310908121261,0.04311417947031972,0.0889610308510285,1.6730925261947642
427.9822997378262,8.507324841769513,0.14755357361820085,0.15254398970903058,5.040631051694836
346.9926078832482,9.860472750705176,0.15548003484644213,0.10819948584818397,5.252420623039549
224.98579494461652,9.478947204886671,0.03858636407896338,0.14557783880108538,0.7784321329811752
321.7789868708102,8.867174952817217,0.2545475910049173,0.11954364224592755,7.079767120993243
358.29195963781785,7.654012943933706,0.10755629855439772,0.11879511840635636,2.8776514320000346
303.2159404884866,6.803102586611908,0.14994053360013687,0.16771110640617098,2.8500428540243408
317.9912724573075,5.228717811951321,0.17251254934611499,0.09026221298454791,2.8889932140369807
401.155745458899,7.163701931048864,0.08157211386615933,0.13914894433444955,2.234186622755611
466.96565173642625,5.81314248370583,0.106156023191705,0.17071256239814306,2.6457257350641075
284.8250896233111,6.728552204641355,0.25937718190916376,0.14576511380373305,4.701193532796934
462.66778842623046,6.928339726075239,0.09222709073491234,0.11027430016767895,2.912140161679896
342.70411850795944,7.627883386723245,0.04756617213657117,0.17545926438189804,1.1350967449443359
246.67830690813588,6.470666504585463,0.2643245854942928,0.1362349563199915,4.034710235946322
245.91510332319422,7.162448468806625,0.20176939125539328,0.07109370886913174,3.654879734159772
418.1840348727809,8.351993770169074,0.0633563844316425,0.15538744683708683,2.0692107096825065
412.30931211536927,6.1663901842169215,0.05642984898759364,0.15403289555031133,1.3437414038552473
466.29162497430315,8.804997200244467,0.07019020674431087,0.06150816105331991,2.994284411775446
205.06276472561004,7.956712191425283,0.15667675789938704,0.10518864125910442,2.5325364924844833
228.24599263508512,9.904993587581354,0.12100801801610223,0.15806159832433728,2.5500636243115045
235.68057833066044,8.848457350063267,0.18876657347905268,0.122883658688583,3.822723108642142
486.43736686291095,7.337862930200884,0.07799970340288385,0.17923688894107528,2.5299182860603566
225.2975570646416,5.0280338521267245,0.18429553700816698,0.07637150388848647,2.134843322088831
324.8666589462942,9.456638006255822,0.05225135385426709,0.10480870037830692,1.5909425495130727
201.67478210460223,5.969426893209191,0.14708077763788943,0.15452907779237962,1.6574407693371631
243.65997405582172,7.7209461443836425,0.2656309037873914,0.11177229810164976,4.914245180642916
251.55969121719647,7.3317899697527595,0.026231345365553167,0.17069148600746198,0.44420858519697076
382.28116035913786,9.495015868649674,0.19242847447079206,0.13035268819410084,6.7249688364753535
470.747334622374,8.350855453242776,0.2234091912476773,0.19090095622750253,7.867210135181399
234.22437431175675,5.891615296642297,0.08706747376805249,0.1356215939547598,1.149808489904121
343.27565904356413,7.731262967190183,0.15462174251997335,0.07194649282420981,4.216345825139229
434.6042255089818,7.123150524939707,0.060675692652157796,0.11483582093759628,1.8407882336163501
438.7304970722342,8.110168588090286,0.16326606744340186,0.0870093085759498,5.872042334505553
267.54515458002356,8.481856806610768,0.08232245233135105,0.15606837307943128,1.7454715650440165
366.4534804214143,5.602659988778676,0.2547834964564273,0.18374050951251758,4.727285640543754
308.2058118438733,5.704607213408361,0.1317955635011727,0.08501964235109642,2.3473525582585077
216.72384611556907,5.943872739274556,0.17642875093463792,0.12903900491373288,2.1915100030083265
407.0726146265516,7.09027038093192,0.04902649293658462,0.11771978382767491,1.3822011246239225
314.39149312099687,7.042342561020881,0.14248683447150087,0.09414732998422193,3.1638758231844055
487.6138327303147,5.319291663316531,0.1851522915706934,0.15489837215588398,4.493316814831548
397.3476663828552,5.4575782624428895,0.0839699983570859,0.1697069238149143,1.6738841229688792
423.26270511061125,9.161518657407703,0.1313101025945419,0.138727801968748,4.855290645576253
454.01544308185237,7.275302705746691,0.10712844128939197,0.15469642609984882,3.311603816125938
391.29659265062,7.172870919428538,0.12434926432522139,0.08904754842980726,3.519955724795159
379.22977666710517,7.233106472076876,0.031704053781397,0.15115904735461672,0.817273840995741
403.8889919668079,5.683972945010216,0.10958754648278543,0.12919525522993935,2.4254660448805825
358.0192883822164,7.636490180638722,0.08023451966452835,0.17576701955487906,2.0017537824004665
340.5957656404073,7.067550514413807,0.17975822099578928,0.14761960000521768,4.083471903907679
298.23124399838605,5.804804119504806,0.13429123215034747,0.09417774490484176,2.3314738273449622
443.79751718775583,5.070530773991636,0.21701437833550719,0.18284562760519493,4.418044633417652
360.8968151583958,8.52887416664896,0.15190174152252442,0.1331287747996357,4.487363868097541
365.2727885052565,8.611374728483057,0.027708550831210974,0.11803723222879539,0.851046054240166
291.15184044902617,7.553455583031663,0.19458029072167565,0.10627337454860605,4.234166714871198
240.53558455141606,6.617814580153995,0.142031944487502,0.10003765019491873,2.252700694950581
395.7063406806152,9.583279607897563,0.086822077048676,0.09812297371220036,3.2874855633659723
321.42381373106844,7.269522085321645,0.12677498274708815,0.15808177032120516,2.761128211497578
276.06619503538843,6.402051902608559,0.1878449644469953,0.11663506179668418,3.246918033337398
470.61115486812366,6.389331961066197,0.10700441957913817,0.17217555576183668,2.9488781094054937
334.8588009140713,6.519579576833915,0.1838153048437596,0.14656518840169047,3.7916873609090143
274.8728014520749,5.4630338264298,0.05807810390039103,0.14183177220819831,0.8286091202223616
480.883747059955,7.582077930380555,0.171533152718932,0.12865122490050773,6.033476531100369
486.35987546608226,7.914949676668057,0.09890961627997068,0.1537999591701934,3.5671111784456784
212.03603976821427,8.106814782873116,0.1559272630260419,0.15735543309077293,2.500492784970946
456.605449643069,8.365829013289868,0.10306608514919652,0.148542898942725,3.7113149956490727
201.93691711772598,8.389424225013197,0.20920645864200477,0.13298533524802003,3.4021119368236348
299.075924835209,6.547530440980689,0.11844794654616439,0.14603825287734312,2.192926742245912
369.5939083370074,6.697355289582817,0.2509388898561495,0.13234731879318967,5.966796393857296
276.50501268053534,8.82727075393709,0.027525983468229646,0.16105479170419107,0.6240294545782794
318.94362177746507,5.061322778321541,0.18556919770651642,0.09047039907562203,3.0164759994374704
326.48294802643693,7.477101526981841,0.1475303450160091,0.12481049602586737,3.4896062786115114
317.661075673431,8.212215216494272,0.10179515759284391,0.11804180395729974,2.59297681789193
458.0245497065751,8.245653281297882,0.12686961014771594,0.11658850469639766,4.686338632038563
317.35076000286995,7.017126187074821,0.1753223861373826,0.11199250908017452,3.8384158255988505
302.913122072947,6.49203623000728,0.18132717080790506,0.15845340076779352,3.322303217098113
499.8151855539138,9.06555526947045,0.21238193098272426,0.191419375831221,8.614775061242907
235.43522486065066,9.6526544335204,0.18059210437788148,0.14606150853545063,3.8800983864236906
336.6724485383361,7.586650081194579,0.11391484577867417,0.09239550815373432,2.923706573537998
218.120544992099,7.001993816987035,0.10318304359633182,0.14807377864194105,1.4863729965122252
234.280770089878,9.998555564364615,0.2320027583564834,0.13027295519117804,5.232981756490671
465.92857494515124,7.8201358693721446,0.15377440859780747,0.11140742549123318,5.512131629693203
323.88948600245504,6.3302222396287995,0.11714658592904015,0.19353416248440894,2.1445225089028535
434.8547695671398,8.546837411420606,0.2067529434490507,0.15995306646022334,7.1466764715680515
285.8942407387094,8.737946441963299,0.12600584325244693,0.09815609964678879,3.1429395816676635
367.8256755331744,9.845241145330402,0.12109517412714393,0.15724994189764438,4.091600437923901
366.45689012937635,9.922454642453344,0.20891006011936086,0.12287028115417262,7.376738427929859
499.36915725165574,6.1164661608308695,0.08308177412729019,0.13871861713493996,2.4197600612312553
269.1221319523609,8.986811849505198,0.22254069755291148,0.15154099279147898,5.055854455599825
205.38634481190726,8.06250587378907,0.08160871784278781,0.15152835210121138,1.269447338578397
453.91742973572616,6.7829993048568245,0.23204105601035852,0.0622423440049744,7.417426876272415
476.9205534542597,8.508992418076309,0.2313375457911892,0.16979343346047632,8.628904330973429
456.6260780341174,5.519396268625797,0.08614374864962807,0.14506206357314788,2.0549905610475445
449.9984483403152,9.457767499823865,0.11407653157994421,0.17489695520132573,4.435099196612283
401.14028296998765,6.320030790084491,0.11572887508729213,0.07715952370050373,2.9976645148882897
395.00870171649666,9.441934328753815,0.13294387243926983,0.09724587953622413,4.955695717524759
407.2326284672508,9.661279460618243,0.15169328410102648,0.15327330097471936,5.59481859927752
255.66872990454127,6.75530202256979,0.04434675522419585,0.14660565477854656,0.7236576943758452
395.83659443229993,6.68084813026047,0.20686008459076488,0.1653273473474197,5.055214794047663
476.2304257629216,9.529711043752314,0.16994612062915035,0.14822261221516725,7.273332181866866
384.6864732933086,9.504885012439773,0.14842093383429603,0.1952430826492159,4.835182277898469
354.24048138727306,9.231710458404029,0.18972821610934826,0.11698858876848393,6.065656237205104
392.96537302590616,9.175261683225823,0.1427410668144403,0.15065880864847842,4.839528568620927
312.6155155516345,6.550554015317558,0.11534334034598939,0.1103577434434416,2.326460474298236
476.1960740506564,5.716031865097241,0.09949438942080045,0.09784637201682447,2.70494683058717
372.47393408328617,5.906223364972437,0.11701831639968799,0.14079548876078052,2.4488113941374774
242.31663698783382,9.980338372002208,0.12698646201283975,0.1262184860871473,2.9708995262703004
469.4274899927335,9.270123377382365,0.256715642377656,0.12626706407932625,10.806480199889576
387.3526187284325,9.811304758759693,0.050922285292769265,0.15431266041926647,1.811966512365632
282.28512443396573,9.67790057307909,0.27909441506226157,0.1588428397273847,7.10062587756617
220.5137480483935,9.439183772906656,0.09268147711108471,0.12835962578867116,1.86165665713033
321.87636458989397,5.315528992062502,0.07341300664940906,0.16360050042218227,1.1631120207026877
327.1706025820724,7.4257692154280885,0.09068457690205588,0.16599197931192441,2.0343167264597004
498.1396931698287,6.906216579389956,0.0771886599501459,0.14622599531783784,2.5100765212418965
403.6106961689966,5.674786646935286,0.20497075605258508,0.12359082751875781,4.5552289766692615
436.28704369742024,5.705406737992018,0.13628791923316147,0.10268580532622636,3.370233690148622
431.1781343183054,7.345120359886214,0.10261234364780664,0.10500905128464252,3.220127633619649
253.6833646847553,6.124238859105459,0.17235661639767888,0.09667344506548875,2.678033695143564
235.43872355053404,6.993592869325474,0.12314153175311818,0.15226432038311574,1.9030160209109088
337.53995541965276,5.093141790393874,0.06699872139737437,0.09315154428262612,1.1564087737240936
319.6690987258649,9.829856152847196,0.18012382808018085,0.16066705395832961,5.2595967458091515
274.3590006624943,9.564702906182347,0.1489431015553602,0.1679789889209667,3.6003487743866476
389.39720593370447,9.31985069415379,0.04696111909366624,0.16564146244974712,1.5743167920797219
487.74497452441085,8.74173224945034,0.1526642171750494,0.1524636617642342,6.107803780786518
375.87094419312183,7.121156087451844,0.09127654758872375,0.15165024821707632,2.2946824399390495
345.0424470500549,8.903211304847876,0.21402013991620605,0.1039909588548426,6.522069637611989
296.97712078535494,6.94105499315597,0.13352912856150764,0.14452533467739925,2.6069387942927986
486.14072433565957,5.189952643522513,0.16123768572867672,0.1619323735268525,3.774593689773797
240.70221913516022,8.969891239836736,0.20448635552573619,0.1776076125433785,4.01985027790792
281.0113942481123,8.20422525467858,0.20898873010387126,0.1509093605816869,4.529368085718554
406.5931846482563,5.305545404684851,0.14751660497759916,0.16636385468086762,2.937019065554939
478.96021109243014,9.524194278332953,0.11700548505323613,0.14214214429813354,5.069305051448545
369.597190692564,9.980719360399972,0.10520451706218456,0.0882092639787098,3.9175924867353302
281.6371954313129,7.772847809059915,0.11468045696426013,0.18292488937934848,2.2710189676923607
261.3970995609411,5.539807636679972,0.23271075149799691,0.17189024020271268,3.089576767580706
466.38520599385186,8.455954561942665,0.15531220362191692,0.13620001007279386,5.857676357501175
223.839872539197,8.380452465153336,0.037872770149082725,0.12166384418800057,0.6908630083771704
313.4535219337623,8.453732725126695,0.16022310341909202,0.07826083642641277,4.332654285407842
207.12687687528717,5.597847123131363,0.21275523310436192,0.13219752699326132,2.370051674443716
244.42651461468733,9.878255673622604,0.07825651013996147,0.13993738865358002,1.7991953191914172
249.04401931769598,6.978457534088101,0.14640373669539827,0.1614419422516677,2.3622183819978915
295.1457831587793,6.001033970234824,0.23501044822834533,0.11797054305371595,4.064733886445633
376.2480653590781,8.142590542071886,0.06263766014370137,0.1279605826979062,1.8527111024015668
429.81018392086105,5.944100100162765,0.19435505147193083,0.15604353895563622,4.639571596795506
233.70596177234194,6.712726423760756,0.14281198766896233,0.1423667974720939,2.1273266410921705
389.5604058682977,6.406584759645815,0.14361236827798468,0.08935598993269912,3.6136081352348475
435.9449931026983,5.432860021141942,0.20262435807937595,0.15136905140227044,4.508892877922777
236.62879683806153,5.381265756246587,0.07167262439765046,0.14061746711531137,0.8683424954513977
239.65420353210695,7.528961052690493,0.08591943752852471,0.14575830959213948,1.4661941406269952
366.2229928788058,6.6853530401566665,0.17026614138190738,0.1081107919797591,4.116312585153708
324.8868905681103,8.638979233390181,0.10618279805612729,0.11381189232856719,2.9239765859228775
286.5115368082604,9.332161805716238,0.1083007470945909,0.13243422132785876,2.7813614418499095
287.5239189829624,7.170329888030077,0.0520645972012337,0.10834370019282188,1.0596252564599917
377.02772158427615,6.922793309550842,0.11702212064687673,0.1411078353058881,2.90442685544083
337.8324016953872,7.506912094612334,0.09316778477679652,0.11749698251059677,2.308573943330184
333.02777419178176,6.705743457924988,0.14051930702904983,0.12011568842987438,3.0569487158672035
427.7412165669382,6.875140819279885,0.04949842362093775,0.18461380046294928,1.314064289148636
286.052703131924,6.004952226493863,0.08704923072256966,0.16459014809068553,1.3829909327215733
395.13188640534554,8.031335815157494,0.28326038273533094,0.09445007349321546,9.01212673791302
433.69773106887794,6.494262520112764,0.16137455898265082,0.11915664728848954,4.432512102344483
213.87430814625705,5.249180131097928,0.13037872894538968,0.11403711778054504,1.4357259631074795
413.61605745512827,8.56038750303874,0.11192459633482704,0.07508889393041443,4.058032641626095
313.20753836178807,7.4339275840568435,0.0568154737741867,0.11426851212144193,1.2972343472930212
289.9444088020817,9.804001460306889,0.22642683742699282,0.17162560292667256,5.90298750283115
495.5307430370589,7.8339663413646905,0.13724553093782635,0.08167668576521533,5.416831379790525
267.53799947505047,6.349666167942138,0.08587463866920665,0.15029365932298794,1.3723640724485051
334.3550187026907,8.391306892467085,0.1891894235473885,0.13848768983195867,5.062849090301267
305.60327890242075,5.1693684888343086,0.1379742104783455,0.18437987140151862,1.9682512841464674
385.6210263557947,7.073088831136705,0.12923913770321838,0.08782120136777467,3.5599429170644696
264.44320610115096,7.229149406380519,0.24196091513679344,0.07916132530544667,4.715715258398829
393.3446835256337,9.129446448570118,0.03654832025492665,0.13581254408892524,1.2557185209703052
475.816849443084,7.838107647233217,0.0770298039870705,0.15345036028175357,2.6925355909727937
347.87823227888805,6.844492931443982,0.16476251341241846,0.14016655870047928,3.7345687969185932
440.69470649447027,8.757349471710548,0.13089348550267024,0.17598459751836928,4.6085368770899375
499.028416312934,9.66938378584487,0.08374555467886831,0.11051878824761763,3.9794385886528736
211.57443164401676,7.01689585601227,0.10383866788389381,0.14674703927424887,1.4562780905233796
426.7974200214937,5.354142333819149,0.060330977259077906,0.15652589787341892,1.287428148887639
386.2252004339514,8.81159841896,0.13425208285052875,0.16491175231725896,4.224233317720589
480.93545482229314,9.49691270247389,0.2141088555307316,0.15627711892117002,9.1348808614832
476.94134543052036,5.678488002732726,0.16491774538091356,0.11488595887792775,4.376868454048152
394.1389682756188,7.744208727858061,0.06010446811570332,0.14691643927983733,1.7327022788071058
434.4190399742139,6.14162345846325,0.19377527251197518,0.15222359425687393,4.85255995435607
424.64992731245536,5.587133248243591,0.18911145013176153,0.16354437730234683,4.15508586388214
302.7707763357556,8.40719850473685,0.10456360500695946,0.07187514247143606,2.734962641206159
262.3798355041083,7.830420326334331,0.11083160524947605,0.15453844137820832,2.131435573392334
343.01513090637195,9.467275725915457,0.19007481740934373,0.16500222569921266,5.706205307439427
395.58309859617225,6.569772272630127,0.15985555868377715,0.1689978636474667,3.8222326395599677
200.52360452026815,8.910686145356149,0.13515308600423548,0.1492776178669134,2.2745195046234734
270.95600133944833,5.009338647709115,0.13505183623316425,0.11225244315386232,1.8016413302002314
386.25026435452185,5.9194847276850036,0.275036746219975,0.14726402346983672,5.936865247779127
364.8339435512396,9.39275206676617,0.15169320531248998,0.09734130879137526,5.19489749536098
366.02766069598954,8.766587079810169,0.13041211443887774,0.1487228088361104,3.943960719909588
258.89408645085325,7.867586397339917,0.07201314178199472,0.14181517694123286,1.3936554895945525
271.60477443495057,5.85823294410649,0.2317184648132839,0.11937791806634189,3.5946237599939113
299.2199566159683,5.390949170468147,0.10580979769318558,0.15363349396083376,1.5993346077892303
400.7802719624021,8.872675902613977,0.08602014990854538,0.07624699718336,3.1283562374466527
400.6231940470333,8.91108921033431,0.0478330090253409,0.06994371754333059,1.7583405963230745
218.0451265598361,8.4183005220371,0.11793657342387881,0.1504440430323047,2.036153403916988
370.8740412928994,8.222909984573954,0.23437946955230438,0.17098547757671614,6.5604384943398175
440.52745140607647,8.699153050493567,0.17162974529732333,0.1371442568068095,6.283185626582874
362.66507278559243,8.842822239131747,0.17009035572744474,0.16723377333491665,5.0291965613965655
303.2351118946065,7.3196697427971325,0.12053668610709373,0.1465591875684229,2.5279170465168397
481.4407529236592,9.704064706916729,0.10607370707952535,0.16001308748138884,4.608674009474784
445.2935530189652,5.211617621938692,0.01978653416451579,0.05566579406199587,0.48007997558676846
252.59994390416472,5.681910870361884,0.1428522848681458,0.13064383505675992,1.973384832906457
351.6728009792832,6.827884700684984,0.2302722520701858,0.09542962182661613,5.537428345646674
259.7968206674499,7.3246029159763015,0.03732998929241915,0.0925065033236219,0.71370459735724
256.0983489541748,7.31046715734432,0.04119796830256917,0.063522857045177,0.7996944461623763
371.4395318191303,7.858775735445103,0.2677011774473077,0.11763064682493027,7.6338374083181275
274.8996885702159,9.162676832227191,0.21447870254003717,0.08495920598232781,5.472936848476192
274.0020606455882,6.34846310777494,0.1709772085387262,0.12796648258140003,2.8713955245861147
345.8705025400077,8.631157524585726,0.170180971305698,0.18160998877496104,4.603128256913372
343.6060843397779,9.95476437798596,0.20267401686132858,0.1254160830455875,6.712597117749493
423.99130016847965,8.906093115116448,0.05964989317547668,0.12648893969186778,2.178318829044434
482.77393902986864,5.394364701652179,0.10695449486215339,0.0946757876228661,2.7918140549581323
267.69780730950225,6.3788951108766625,0.1919857538570116,0.15607200573048866,3.0631189470355964
465.99817269811757,5.258737736923435,0.2032999091694579,0.10120598165714945,4.957494876007471
473.55420815732083,5.671964956995873,0.032369773187245286,0.11430716632354732,0.8525605172824601
200.60547692421113,6.59164466863419,0.2691160685835376,0.1320619951481763,3.4195117406241247
292.44426607079555,9.349482816400574,0.2241072005459566,0.1400770427218383,5.833715457367571
420.3327679632853,8.596034459514748,0.04752183228414509,0.09379746594252633,1.7226975458218947
304.838115593018,8.960033930807919,0.24312093723210904,0.09658003508378595,6.641866739163964
336.3980114094836,5.542850052032929,0.11665542383960747,0.12652033902065424,2.1035046315201935
212.22587770697788,9.99215708886108,0.09007559702734184,0.17878054072743815,1.736693434367406
354.5965188103845,6.529319169731798,0.1843398974622888,0.11149174247454127,4.198386009389949
324.8712250831802,9.428761463855508,0.05238602363331188,0.10661414577163164,1.587155911554436
315.5830051206529,5.834714112867221,0.20448956893451126,0.14223566440953206,3.575786030120604
255.14510957736343,5.154429591740304,0.2600884637327081,0.09202643552011384,3.4384391563398666
300.28356459826523,5.193689255496642,0.11610953542630859,0.16281316594267992,1.6784058769416528
462.06425642527716,9.326886021503265,0.13436404115924683,0.11700440511777119,5.66082628973876
363.3348800407768,7.6666819324796105,0.231350545374916,0.16086366727469043,5.987103709656417
347.21364471622826,6.794609429778644,0.18356739964705912,0.09121854630993878,4.357280137665267
244.58874631403256,6.705442524744555,0.22091549625653162,0.1815696148513616,3.2830011191055912
307.21091409767877,7.11988212245484,0.05331041368104426,0.14253418097323284,1.1069742113997811
262.62386346009293,9.807247457430755,0.25901479822061435,0.139464221924192,6.355855547350928
411.601383534859,6.867206966516184,0.1198148440201196,0.17099932606426935,3.108290941203884
421.0346481283807,7.992583342272573,0.22097785991333124,0.06319881674035983,7.712592647640019
388.18553272332446,7.021957239637471,0.17470824057054932,0.17143517790502272,4.3685428198662075
278.1659533627378,8.394448072359612,0.2892738979598781,0.06714088586924785,6.976227201819252
265.5781839836699,9.665543825831538,0.09521466802814621,0.14797045052515534,2.3055598241877706
441.13196584271486,5.7745107795217985,0.02810597162054025,0.1368071542938789,0.6842098959678936
445.5569880161433,9.766269085427457,0.08512674099546676,0.14514544088329762,3.505818066654132
335.99501742985285,5.745870750262729,0.23262541761398653,0.16351841351958682,4.1591198068858395
331.96483712986736,7.8250162064077395,0.1157174755450805,0.15418722359032694,2.814814059300826
322.67869830631923,5.21487548585755,0.19737210838919747,0.16961610661418963,3.0533608079052086
425.2941156300477,5.863673471337107,0.12160273899229526,0.0735763545497843,3.1103648118954297
327.521209498201,9.213636386569139,0.11511062360169155,0.11462760501829174,3.4049526093053237
338.0026914607912,6.687766249555982,0.13760683893734826,0.11175759409956412,3.0589470211040806
475.0557243526531,6.27531199773034,0.11767357834696368,0.15604751049195817,3.2777515199042893
483.8771256522008,8.677396395921903,0.0715763419167134,0.1209141682906754,2.9249907616564115
458.66069545470276,9.713062015806248,0.24272208703016102,0.14322099821542225,10.257109424172935
285.26879157361367,6.922695006259936,0.28738734056668375,0.13087292196420514,5.461092905770047
434.12118876993304,8.548881822978188,0.1269283624813836,0.13784671372422128,4.496376323289201
342.97920638864707,9.444538924673616,0.09660761371895704,0.07722453730230759,3.19709200565492
432.23797968737745,8.022895320679726,0.09037016940116387,0.1786919839085592,2.849603255900778
247.76382938883495,5.649264176876599,0.2030775164816928,0.09567459821036886,2.8458732434235348
305.9755395539306,5.054472901309803,0.16480110461804712,0.10762064189224917,2.518090914253064
370.0013086977318,8.777248633568346,0.243508975322551,0.14288864177282792,7.504349883901098
497.5817980922393,6.635193837760145,0.14650136413556805,0.07660199087635954,4.944790455263308
417.9945795050628,9.375967780762533,0.07361136011052678,0.1447457054797652,2.731656281027732
367.6954771252979,6.704857136523762,0.15502495095704197,0.16369634258683063,3.538690703142774
234.76384728463674,6.434868583359925,0.2739360935669033,0.16289848204345309,3.8352835496974667
471.5378379846079,6.402683756756662,0.1172751002126656,0.06814929474723505,3.6528340326689923
201.76012910468975,6.939742509431053,0.08027761507762804,0.17046779424929762,1.0322992395704114
427.44643486671765,6.027255150340361,0.02944747854523385,0.11691566413054034,0.7417383967890713
299.58431516135556,7.8164044242553965,0.11409294871072681,0.14974809234893527,2.514963597937036
390.5544107504387,8.481293625991848,0.12312645045760323,0.15857556107633725,3.7993501241642753
322.5341164250615,8.852488328865276,0.15800230413537078,0.10724070839229632,4.459005534877858
474.5592785331048,8.106322773108129,0.11553600784454499,0.13622510064945983,4.250416492672875
315.5903725153105,5.091756779656544,0.23366602580628107,0.18846751973041542,3.37358816861566
212.36738498119746,7.222687808511866,0.17388238363716077,0.17856280572386762,2.4255811077599847
370.5590165990526,5.654640179747203,0.17885038647815343,0.053093878027401696,3.928785852713267
249.761990054163,8.68763988204208,0.21979216535710655,0.0714764271076406,4.902668037679955
465.60330357335215,5.130644542613438,0.2133392786022345,0.12191628625509053,4.9544324858994395
228.0974107871115,8.73013170783124,0.1059626958007541,0.12931510413936667,2.0340159328817764
331.05192767979383,6.411310842607067,0.12341642894390523,0.1285214965297199,2.5273873034077443
242.64248350806562,7.348237657057882,0.02012842764989935,0.1067050515686133,0.3549391911037375
204.62697016491958,8.354810474169462,0.1995038465212935,0.16161787890962076,3.165861766838417
293.80307001127096,8.218129314607026,0.06578002726288597,0.10398211418947656,1.5755754973903846
267.59469455964825,9.280125262600869,0.07992252040727259,0.1480763227406599,1.8719764755143256
296.39886487189415,8.630201975659313,0.07120256932358417,0.13878293776740452,1.7366207125416355
404.1484963856963,5.648201130981355,0.16299827336011583,0.14837164753519508,3.5081925849800113
425.1402833542036,7.275599218153249,0.13600494558673823,0.12641575451227993,4.06873785431447
342.398202899896,7.798938171590341,0.05967760232268315,0.11650277921458367,1.5587723649082186
464.7588701757946,6.429903220232232,0.17502090348038596,0.1407909150418599,4.975309421035602
342.85868762448536,6.115939145216312,0.13418304233901063,0.1314457252530477,2.7056530175044022
497.4446831430746,8.402557705613873,0.2174173642190012,0.16396334012668776,8.411530712056173
299.1362012005848,8.190381853848265,0.09979850252026927,0.12341846999040802,2.3729503666816587
394.673764208521,7.570418786594726,0.019596467906554574,0.18449579679513356,0.5286416258173694
450.72254916258345,9.162083469740821,0.07167082380946299,0.13601845413944091,2.8310633177827023
282.8825702455922,5.567580501967452,0.13827720948926708,0.1059333259611472,2.155720234496853
265.8240852089879,5.011415282464236,0.21662716631569667,0.14623048321534893,2.727768276910237
360.7461507225362,8.106386328756349,0.1452928799943612,0.11360869914349474,4.169634721696011
214.44821949210424,7.484131323455413,0.10658725515410775,0.13585200601959893,1.636652350793668
410.324015713453,8.640235079834472,0.06707719648070826,0.12769011834117894,2.296663562220855
315.9752600092202,7.395647934307837,0.1534003860237772,0.13354480138921918,3.4387536372072023
395.3229138508363,7.452812004528444,0.06518975398214005,0.14297764177686217,1.822396355833965
305.8669952968037,6.017324989053657,0.08671682080038177,0.10916212805161267,1.5741180318815633
436.3683248701177,6.014232697393935,0.1590502588701673,0.16804745580098113,3.8447275559182663
324.75210445031996,8.740559042208975,0.17765107523384804,0.13162581021586217,4.848028027386095
222.43469740729608,6.091159245042416,0.08142980107851208,0.06957083057511718,1.1364971951981393
332.83715131290285,9.327666107187067,0.10104043363950835,0.13406774370946065,3.0073439207569708
431.01474892809557,6.039389496855506,0.13151413272090773,0.15152625640886935,3.215845633466613
218.75613074691114,9.071835784067115,0.17463142783535746,0.15250444290989504,3.251729704914163
479.96124348567446,7.132889862012452,0.11661006981201472,0.13278590145055844,3.8329509623129576
404.28672111076355,6.446489290516836,0.1347724406072307,0.16529292130076081,3.245989586309685
296.9457768728151,9.944439843360957,0.20752535527932559,0.11589445602799454,5.998352003448503
269.6900624486866,7.456634882768254,0.1053577318589646,0.06679432058150452,2.189025384523572
334.420299572104,7.0704467927242245,0.07597651078780496,0.10419013320979015,1.7816970722238228
347.73568895107724,8.435861751442726,0.11979458018896275,0.12748521047471562,3.3945942914217735
340.0159385713445,8.729910711781493,0.11077211529135383,0.11289486803344227,3.229340267800989
395.58220281375947,5.148887013269777,0.12141141376208703,0.16357704585096533,2.2899961663169415
296.395584831956,9.355761755318245,0.1035816213173456,0.08436683211795866,2.911751411453631
259.5129173391102,9.32878384714963,0.04124506429432144,0.10625894916555081,0.988022628590342
435.6264124660332,9.99254869729312,0.17160766549792522,0.1667804612856282,6.8910562625138825
328.0255595361122,8.312185401227092,0.19127362278679333,0.15384167562166548,4.885722670631924
348.76378314615124,8.003153029937266,0.07139451108521093,0.1332726848508508,1.9122250304069994
298.9157867276751,6.524015614428418,0.18218268486165035,0.1770490024305582,3.2370104991066397
283.80101379036074,8.545816251468512,0.09564145855720539,0.1887272904509109,2.083433968226423
352.346712055587,7.980122104031247,0.2288255724319767,0.12754638106009802,6.214781376467243
414.72286304113067,9.806610570916675,0.16299625621561517,0.18075656233603213,6.0126607165679555
464.81149539783604,8.448614622900093,0.0912998036050776,0.11607879938108986,3.5086895588842317
446.4475660917918,6.765621364995997,0.15179406106218074,0.19073452949439845,4.107930895895918
418.95672659854154,6.508286180924571,0.07020129230612603,0.12922463096641512,1.845381837680887
338.57187316686304,5.556642921519074,0.16475166039965572,0.17779717902252548,2.8214432424374727
346.0964917700695,7.5191530643185285,0.14818982611493345,0.10218052291251031,3.833299246608732
458.5836277705304,5.497489619208179,0.19530971434133004,0.13647179692791606,4.707415409804439
317.39043177399276,9.570138854751832,0.1213105362275401,0.08491177235757662,3.7331268724813205
464.2702217594897,7.2111671237290516,0.13039666849591708,0.1824049405620831,3.9516669421583814
354.00342829313274,8.127161905475035,0.139365363385874,0.11392845456722552,3.9334099428730003
364.0976258172866,7.914777822070757,0.21276941791990028,0.15474935310672783,5.737867067151571
441.82657875521153,5.262891694522837,0.13450391986746438,0.09899323272857183,3.119884056839478
456.9214222957039,7.508333197425584,0.10656799653642576,0.13032840996933961,3.5201918345508787
216.8646993799867,6.32962195285871,0.20706050049786784,0.09083802645239318,2.8609110061240184
485.1454833166445,5.837024643451624,0.1107301194920998,0.16924007772190836,2.884058165217173
362.5386817802438,7.526205856756359,0.07742201801165036,0.14304202105177177,2.0042581027863995
442.99720926700536,5.130691261060267,0.13977201250012056,0.10730606212093996,3.1397774502286424
221.7696133115478,8.992269890212036,0.1402004809627932,0.17553285632130258,2.5520749155095377
265.62645149204474,9.432127624275122,0.17420177638736417,0.10465528808970706,4.3263637521213925
356.1608849268696,5.213429064801283,0.26639809837708356,0.15556972934190716,4.624489461971325
428.3042389618393,7.39002113252687,0.10944893765040084,0.12293756204208477,3.363870786667723
221.88350618438724,6.842025219522039,0.14615305834365108,0.15990882847667912,2.063684056763332
403.79675515635256,9.87376293464568,0.09012977970616294,0.15892752897647616,3.346157958660382
234.87769588060897,6.905235835359668,0.15882241963334134,0.13250036620691777,2.474005107064297
435.1839621799014,9.028386476710047,0.04830182003238278,0.17138277146690684,1.741003594680328
335.86495781892086,5.665375565597394,0.05721510901638695,0.16076852352514923,1.011544710901841
266.38464922409696,6.218952572374527,0.03487161675994677,0.15402509956632413,0.5410721620744998
303.78574700302875,8.706921767609927,0.10599018577190908,0.10962550528967352,2.7635644052496904
284.30762844888847,7.656451822372064,0.032235066491835725,0.1729732367992945,0.6424855892317146
391.63222815607514,5.140736941609715,0.14096521072790916,0.10223778917837953,2.8208257551866085
485.87384950252476,5.804419946324115,0.08103450512494996,0.12032883140672994,2.225726944897581
303.9782716857451,5.436644859296344,0.12032139147948889,0.12630336381015012,1.923429200897567
412.81846359072426,5.770130535874552,0.08657939979213228,0.16436924458459254,1.9079760895944893
254.80596288742495,8.005309086567305,0.13863656771878013,0.14981530715589592,2.661815569598822
365.82039011317755,9.78732771268121,0.05507874653370449,0.16020626180165173,1.83352953006918
416.7143347159571,8.184547298158416,0.1119444475258489,0.07230782381958406,3.9213783270380143
219.13761878138075,7.738074213096701,0.06487747779788322,0.07374950028928949,1.1281619076886726
450.24257494350485,9.41875595033078,0.07028387651330398,0.1644947960874932,2.757046936937757
242.62030898049875,5.503638534520462,0.18868001099734955,0.10839424306733556,2.4869955092740836
450.5649034792332,6.1262843068814945,0.23883367709264097,0.16841742108671987,6.069524163965352
489.6040512548604,7.712760134588073,0.10336976559784744,0.14077422783470722,3.7132555969398404
263.67162259912885,8.221551534018502,0.23829910051059436,0.1635981891962467,4.783587612398962
481.2053911634141,9.432350285163935,0.24866479440995726,0.09459431807631796,11.313763948188829
333.0542480852391,6.436859328768142,0.1647972773526539,0.15015161232881963,3.3241428044911117
269.6378586070521,6.077527877920153,0.06749028555488046,0.127305341318544,1.0685887621412227
489.5742931609143,9.328193824028887,0.10289734309657517,0.10849500803515227,4.638134060382857
366.72607145765613,9.015113146593178,0.14159217213355807,0.16381241648307812,4.3336628051354165
475.03627631397603,8.998313356364342,0.0629513726404068,0.16276887180443972,2.4942366136645515
207.30143896234284,9.278518205609988,0.13237301365050824,0.12563388088899485,2.464750185291891
474.1099691891786,8.14905431661293,0.13145747459902635,0.15411438662701354,4.7564442793342625
348.84526095653746,6.235392066053805,0.15902369144837436,0.170479830804964,3.176761159053497
432.7585037699549,7.091105606324893,0.21892642421067193,0.16484455773004547,6.211897099811394
285.4735392950444,8.0640964823568,0.07611187966527935,0.12037365324063388,1.7063630610859157
405.2111231170977,6.804288502220242,0.10991139214422033,0.12576176958869267,2.9331601138797607
375.63180662276136,6.95530790062258,0.07775803468614022,0.13346648803291133,1.9489852293913366
293.7954471066105,6.421680687450449,0.11143014966667955,0.16889644902945475,1.9344201609867853
356.79121170229473,5.496337583212815,0.2467758657309992,0.13407437688473978,4.639487538223196
291.8735874097564,7.061872858670173,0.1971072948587163,0.1933263718331054,3.6283939751324996
207.25492962444315,5.451301817648905,0.031657676815224654,0.1565277994305772,0.33400587183053965
349.45874602567113,8.66904923933416,0.12296790954453368,0.1642218961024882,3.447064049504709
355.9900948141144,7.420914544962622,0.09959208336980498,0.1695322458546145,2.4190348564704434
414.62816088411455,6.934047324867529,0.1289689413014725,0.07407233475084839,3.801079751774416
274.4166162414409,7.6449381236122,0.15394408159651465,0.18963424476627236,2.897528035229218
499.49168249568544,7.496490325334888,0.06261626731458346,0.13257906462776847,2.251658431035289
328.51444114626247,8.749613806527814,0.23326168044763712,0.16193979403729408,6.221013720015987
369.25114049916556,5.879615761294557,0.06432412152056356,0.1733093636823737,1.2781648291669043
386.92498456026055,7.761777999144108,0.2834473336929633,0.11606857608629298,8.33063545525071
372.6508389396804,5.526755587105762,0.11398995275620216,0.11116760914892775,2.3102447854749752
254.20415544526534,6.093241792384511,0.10572637748412556,0.1243517532953968,1.587608013583976
343.8405960865733,6.426078225616799,0.17259193828065936,0.1492049275390297,3.5920950587446576
243.3066717929543,5.126569588817253,0.13886859376337718,0.1461541955485276,1.6374330478388537
245.84621335450572,6.236257773540976,0.10793363108524118,0.0745651020506771,1.6954673548075907
415.6335492678545,6.617408814298541,0.12071810309900799,0.1647979091597771,3.0701650735409065
221.51426075964932,9.422978964186282,0.14901645594598825,0.15464432672726813,2.911138073419942
245.61295791268617,8.887307698165369,0.12603241188851821,0.15670730053378945,2.5685100537992347
354.3128979401351,5.818297800829511,0.0954884632638847,0.16544376169910036,1.8188153475264734
213.33640802008932,6.656188664110978,0.18018823121284144,0.17256849762634555,2.3439495793059044
222.37027842896018,9.840581259011678,0.15299275035007817,0.14149282309596334,3.1820827101022044
237.64889276493543,8.116154437411286,0.1224022423947127,0.09753648205377786,2.3588716791948574
283.8888512648919,7.555497664199869,0.14144421295651843,0.11160946539801875,2.984006118078402
215.81021236890152,7.013081681212206,0.12131720638438373,0.13683938690789718,1.7546645223283024
459.50597642473303,6.01921529714732,0.17659387057625317,0.15388753314433806,4.575451450285658
458.9105479018345,5.1960806992907145,0.2319546559054806,0.14930397654178929,5.209314938876146
380.0115629468081,7.124575674017279,0.10635601222379545,0.1202233641018148,2.804719763162307
497.9159317750968,9.409819319204669,0.15772682745266364,0.16289823101245143,6.848892106784184
317.8701654887799,6.227738016864877,0.15913093550942164,0.1734688145540479,2.8826582158919205
340.90394465204827,7.350063420449567,0.10635705511401095,0.12848469463650714,2.571364390188794
352.67824062918044,8.374109214869884,0.14451717543664125,0.13591043697089644,4.083144038220716
487.57642505445295,5.086260253523115,0.19335453281572468,0.07889176778481767,4.889962048588396
325.61949273110247,9.041663039779662,0.050680651141407164,0.14835165297590053,1.4068908241712548
327.36052147303127,7.827573503992672,0.21022220821834986,0.1268261603041073,5.207532125112726
386.2214318060065,5.070792682844768,0.1388748234672407,0.1798865548662063,2.4694990660383946
474.11271883312145,6.081714109441549,0.07872579432067586,0.06767132007055994,2.3431111583312627
320.0060324203068,5.561105325725772,0.08933198923351722,0.164234613923884,1.4709904771706224
447.3793293196819,9.005508936603992,0.21363458652348216,0.18008523611599028,7.813104566758431
238.9045471968231,8.227176452407242,0.16058485066512657,0.08531706469461987,3.1963149555627406
440.8202993168253,6.1426226224646285,0.028604957132764938,0.15131434050752074,0.7277844549110922
324.6874094285186,7.143606795474246,0.17198913717800376,0.12686618020879165,3.856239580972927
293.1111516203213,8.529056175281141,0.035995371872223306,0.1557053158239661,0.8411495678729838
265.65939110532315,7.731269192915107,0.14981047548406987,0.17378503801674777,2.8145592516611404
386.7410750923714,6.800584048291752,0.24753390472296283,0.15204066212578154,6.111888493737751
257.6436627232982,5.150709987446574,0.21681113660924795,0.15984939243354812,2.676236465592889
492.61524953999583,9.365041613955933,0.11375834699677898,0.07621841485419242,5.367466305312264
269.13971476455737,5.115700178795729,0.2620114164268001,0.1251734521310902,3.494010694577056
333.036168945719,7.190324463605583,0.132412647009486,0.1329743643703432,3.043690483593452
283.3313768652802,6.91790996382378,0.11366475161116915,0.09457579144370928,2.2332979992105573
203.77368144009844,8.915914165059842,0.2839946058938733,0.15904405535481628,4.803928076201147
496.6496272553689,7.509122458793225,0.12380090584609327,0.11806374288391565,4.508161961824489
495.5227109095103,9.248635078272475,0.0842209245299247,0.10957279990469228,3.8050364412636917
464.4320774482577,9.132764164214734,0.0714709914137374,0.14927630429088165,2.85523577862884
390.9535730676349,8.08618688689149,0.13191814568043533,0.10660895728834816,4.124908154172993
406.3380722879384,5.811138802904803,0.13641704959974177,0.13659189233879448,3.079163356652557
295.7150438107475,7.3014265258243265,0.15758534582737074,0.15072709194195688,3.199215000188605
233.22384785006744,6.821410534056029,0.12893124114417612,0.12160304751306508,1.99478143435375
378.25318778098847,6.063512924052873,0.07759898879672075,0.10280326570756684,1.7678680229626373
274.812264661384,5.254257785284588,0.15167722234829897,0.10221130093480604,2.1769135304575955
245.78784875331792,7.7477464826532465,0.2764421289040604,0.08656518553119558,5.323739407902047
234.35525625663868,7.690258369381955,0.13180802567130367,0.14416075705642067,2.2508620079057255
401.32608431910205,7.957145043411834,0.05875332645259137,0.0813676136201172,1.9082183367431633
259.1213701224918,7.829011125483946,0.1388738781519691,0.1082461666396187,2.7814732021277058
460.2045212242686,7.579979513104502,0.12548079207180435,0.13895720359786765,4.1727281529208975
363.7513290069862,9.499238624285809,0.1595120363184465,0.09578823212686516,5.517675940307162
306.3246860818957,8.945717625861793,0.0881814134624948,0.13337825971709866,2.3184781537204233
337.626376322006,8.44368506814347,0.05003387893910674,0.08132099219012902,1.4507599248226088
278.1383270639685,9.707480705585034,0.17397231698508028,0.08548779098071924,4.755938384094902
411.84650121982673,7.902048025382582,0.11468613940454112,0.14284629956167422,3.5419618052679356
421.4619674430671,8.70605806719199,0.11505078890878542,0.09976162332195218,4.207520719924602
480.9237542593476,8.952895515848414,0.07047918757886551,0.1290662071326852,2.9260717140383252
477.93429258853155,6.069670772760366,0.0574306380664238,0.06921007362331316,1.7168321355109573
325.6895340715576,7.188402889302873,0.0760625790387531,0.17917626467598805,1.6182900205685242
435.4583567399992,9.981315715701331,0.11851221760674202,0.066928921009343,5.321223071071386
267.23301991518764,5.5994704016801595,0.13618207289470097,0.08538229065231182,2.063458835900211
454.78885027936997,9.044347344676623,0.08667539082844415,0.10299276766729518,3.5406091308109304
438.98286191614136,6.102338686217737,0.2255756885257178,0.0789012309346565,6.162281831129897
315.8546071486411,6.007360896190022,0.20965314711282318,0.10714652039210515,3.9323458833378537
464.6090625916336,7.9990996079330525,0.19684175205095797,0.11391151024591642,7.176658628987706
258.6589235336062,6.878727989764082,0.13544387407140038,0.0649563531606645,2.4947443230854147
213.09115124730107,9.07869825802888,0.26197579052570097,0.133060502257342,4.864499208767127
276.4411269125418,9.846684479384177,0.1236818575866997,0.1540176046741177,3.1532557146063236
